추출된 텍스트,label
지금 현재 전화받고 계신 곳이 학교이신가요 아니면 자택이세요?,1
왜냐하면 녹취 상태에서는 말씀하시는 모든 부분을 녹취 기록에 남길 거고 본인을 대신하여 증거 자료로 채택을 해 드릴 겁니다.,1
그러시면 지금부터는 제가 사건 내용에 대해서 구체적으로 설명을 드리겠습니다.,1
현재 사건은 외 구성된 금융 범죄 사기 사건이고 지금 명은 검거를 했고 나머지는 미검거 상태로 진행 중인 사건이라고 먼저 말씀을 드립니다. ,1
 이 사건은 지금 중고거래 사이트에서 고가의 물건을 저가에 판매한다는 게시글을 올려놓고 지금 물건을 안 주고 금품만 편취한 사건입니다. ,1
"압수수색 당시 현장에서 명의로 개설된 통장, 체크카드 각각과 위조된 복제폰이 포함되었습니다.",1
본인 명의로 대포 통장하고 복제폰을 만들어서 사기를 치셨단 말씀이세요.,1
통장을 저희 지금 검찰에서 동결 처리 시켰는데 어떻게 조사를 하시겠어요?,1
제 말씀을 잘 이해를 못 하셨어요.,1
대포통장이라는 게 지금 어떤 통장이라는 걸 모르세요?,1
본인 명의를 가지고 가짜 통장을 만드셔서 본인이 은행에 출석을 안 하시는데 본인 명의로 어떻게 계좌개설을 하시겠어요.,1
그런데 제가 가짜 통장을 만들었단 말씀을 하셨잖아요?,1
명의가 지금 본인 명의이기 때문에 지금 저희 검찰청에서 연락을 드린 거 아니십니까?,1
말씀이 너무 많으신데 제가 소환장을 발부해드릴게요.,1
나와서 확인해 보시고 조사를 해 보시고 조사받아 보세요.,1
조사하는 모든 통화 내용은 녹취하게 됩니다.,1
아시겠지만 본인이 은행에 출석을 안하시면 은행에서 이걸 개설을 안 해주시잖아요?,1
세금 체납으로 인해 법적 조치가 진행 중입니다. 해결을 원하시면 지금 연락 주세요.,1
비트코인 투자 기회를 놓치지 마세요. 오늘 투자하면 200% 수익 보장!,1
안전한 거래를 위해 공인인증서 비밀번호를 확인해 주세요.,1
카드 결제가 승인되었습니다. 본인이 아닐 경우 즉시 연락 바랍니다.,1
고객님 명의로 개설된 대출이 확인되었습니다. 신속히 조치하지 않으면 불이익이 있습니다.,1
국세청에서 안내드립니다. 환급금을 지급받으려면 정보를 입력해주세요.,1
검찰청 수사관입니다. 고객님의 계좌가 범죄에 연루되어 즉시 확인이 필요합니다.,1
경찰청 사이버수사팀입니다. 고객님의 계좌가 해외 불법 송금에 사용되었습니다.,1
본인 명의로 휴대폰이 개통되었습니다. 확인하지 않으면 법적 책임이 따릅니다.,1
해킹 시도가 감지되었습니다. 보안 강화를 위해 계좌 정보를 업데이트해주세요.,1
세금 체납으로 인해 법적 조치가 진행 중입니다. 해결을 원하시면 지금 연락 주세요.,1
고객님의 개인정보가 유출되었습니다. 확인을 위해 주민번호를 알려주세요.,1
고객님 대출이 가능하니 보증금을 먼저 입금해주세요.,1
고객님께서 특별 대출이 가능하니 서류 없이 바로 진행 가능합니다.,1
고객님 명의로 추가 계좌가 필요하니 개설 후 알려주세요.,1
경찰청입니다. 계좌가 도용되었으니 보호가 필요합니다.,1
대출 상품을 이용하고 계시요. 금리가 더 낮은 상품으로 지금 갈아탈 수 있습니다. 다만 대출 처리 비용이 있어 선입금을 해주셔야 합니다.,1
고금리 대출을 먼저 받아 상환하면 신용등급이 올라 저금리 대출이 지금보다 쉽게 가능합니다.,1
중앙지방검찰청 수사관입니다. 당신의 명의로 대포통장을 만들어 범죄를 저지른 사실을 알고 계십니까?,1
엄마 나 휴대폰이 갑자기 고장 나서 친구 휴대폰으로 연락해. 휴대폰 바꾸게 계좌로 300만원 보내줘,1
당신 자녀가 친구 보증 5천만원을 섰는데 갚지 않아 납치했습니다. 지금 당장 5천만원을 송금하세요.,1
"고객님의 신상정보가 도용된 카드가 부정 사용되어 연체 중입니다. 경찰에 수사 의뢰를 해드릴 테니, 전화가 오면 협조해 주시길 바랍니다.",1
고객님이 통장과 도장을 맡겨 돈을 찾아오라고 하셨나요? 확인차 연락드립니다.,1
수취인 부재로 우편물이 반송 예정입니다. 확인하시려면 0번을 눌러주세요.,1
택배가 반송되었으니 자세한 내용을 알고 싶으시면 0번을 눌러 확인해 주세요.,1
"고객님, 기존 대출을 저금리 대출로 전환해드리겠습니다. 먼저 기존 대출을 갚아야 합니다.",1
고객님 계좌가 보이스피싱 범죄에 연루되었습니다. 안전한 계좌로 돈을 옮겨주세요.,1
긴급히 조사가 필요해 전화드렸습니다.,1
저희 가게에 방문하셨던 일로 피해 보실 만한 일이 있어 전화드립니다.,1
제가 결제하지도 않은 상품이 결제되었다고 문자가 와서요. 전산상에는 고객님 명의로 결제가 된 것으로 나옵니다. 최근 고객님 같이 명의 도용 사례가 많은데 저희가 경찰에 바로 접수해드리겠습니다.,1
서울지방검찰청 사이버수사대 수사관입니다. 약식조사에 앞서 금융거래내역 및 본인 인증이 필요하니 휴대폰에 '팀 뷰어'라는 앱을 검색해서 설치하세요.,1
사건을 서울중앙지검에서 하고 있으니 서울중앙지검에 전화해 검사를 찾으세요.,1
"서울중앙지검 첨단수사부 검사입니다. 현재 선생님의 통장은 불법자금 세탁계좌로 보이며, 제가 지금 불러드리는 서울중앙지검 인터넷 사이트에 접속하셔서 사건 번호를 확인하시고 선생님의 카톡으로도 공문을 발송해드리겠습니다.",1
지금부터 타인의 음성이 섞이거나 사건에 대해 발설하는 것이 확인되면 혐의를 인정하는 것으로 여기고 구속수사까지 될 수 있으니 주변에 사람이 없는 조용한 곳으로 이동하세요.,1
본인은 모른다고 하시는데 저희 검찰청에서 이번에 주범으로 한 금융범죄 사기단을 검거하는 과정에서 발견된 다량의 대포통장에서 선생님의 통장이 확인되었습니다.,1
"지금부터 수사를 위해 통장거래내역, 카드사용 내역 확인이 필요합니다. 금융감독원 직원을 연결할테니 협조해주세요.",1
지금 본인은 피해자인지 가해자인지 사인이 불분명해요. ,1
"자꾸 모른다고 하는데, 본인 명의의 대포통장을 타인에게 금전의 대가를 받고 파신건지 확인을 해봐야 알고요.",1
"금융감독원 과장입니다. 현재 경찰, 검찰과 합동 수사중에 있으며 선생님의 무혐의를 입증하고 범인을 검거하기 위해선 본인 계좌의 통장거래내역, 카드 사용 확인이 필요합니다. 지금부터는 수사상 보안을 유지해야 합니다.",1
보실 수 없기 때문에 휴대폰 화면을 뒤집어 놓고 스피커폰으로 사건 진행하도록 하겠습니다. ,1
이미 본인 계좌는 보안상에 문제가 있기 때문에 OTP 카드에 생성되는 번호를 알려주세요.,1
제가 지금 도와드리고 있는 거예요. 본인의 무혐의를 입증하기 위해선 금융 거래 등을 알아야 합니다.,1
코로나19로 어려움에 빠져 있는 국민들을 위한 정부특별지원상품이라서 간단한 대출조건만 갖추면 가능합니다. 지금 다른 은행에서 대출받으신 거 있으세요?,1
그럼 고객님 신용등급 조회를 해야 하니 지금 보내드리는 문자에 있는 링크를 누르셔서 앱을 설치해주세요.,1
조회해보니 고객님의 기존대출건을 일부 상환하셔야합니다. 그래야 신용등급이 상향되서 연이율 2.5%로 최대 9천만원까지 대출이 가능하세요. 상환절차부터 진행하시면 됩니다.,1
내일 10시에 고객님 가게로 저희 직원이 갈테니까 현금 준비하셔서 전달하시면 됩니다.,1
고객님의 카드가 잘못 발급되어 통장에서 돈이 빠져나가고 있으니 안전한 계좌로 이체해야 합니다.,1
마트인데요. 회원님의 카드로 물건을 구매하려는 사람이 있는데 마침 경찰이 와 있으니 경찰 얘기대로 해주세요.,1
은행인데요. 혹시 통장과 도장을 맡겨 돈을 찾아오라고 하셨나요? 아니면 경찰을 불러드리겠습니다.,1
고객님의 신상정보가 도용된 카드가 부정 사용되어 연체 중입니다. 경찰에 수사 의뢰를 해드릴테니 전화가 오면 협조해 주시기 바랍니다.,1
여기는 경찰청 지능범죄수사대 입니다. 명의로 통장이 발급돼서 5천만원 돈 세탁이 된 것을 적발했습니다,1
수사과 입니다. 은행 직원이 고객의 개인 정보를 팔아 넘겨 선생님의 정보가 도용되고 있습니다. 통장에서 돈을 모두 인출하여 지정한 계좌로 송금하면 보호해 드리겠습니다.,1
금융감독원 입니다. 귀하의 정보가 유출되었는데 주위에 현금지급기가 있나요? 혹시 못 믿으시겠으면 전화 끊고 이 번호로 다시 해보세요.,1
서울 검찰청입니다. 법정 출석을 하지 않았습니다. 사건 확인이 필요하다면 성함과 주민번호를 말씀해주세요.,1
세무서 입니다. 세금이 잘못 징수되어 환급을 해드리려고 합니다. 계좌번호와 비밀번호를 알려주세요.,1
안녕하세요. 국민건강보험공단입니다. 고객님의 의료보험이 과다 청구 되었습니다. 과납된 보험료를 돌려드리겠습니다. 은행 현금지급기에서 전화주세요.,1
수취인 부재로 우편물이 반송 예정입니다. 확인하시려면 0번을 눌러주세요.,1
택배 입니다. 택배가 반송되었으니 자세한 내용을 알고 싶으시면 0번을 눌러 확인해 주세요.,1
"엄마, 나 휴대폰 고장 나서 이 번호로 연락해",1
"나 급하게 돈이 필요해, 계좌로 좀 보내줄 수 있어?",1
"아빠, 지금 사고가 나서 병원비가 필요해.",1
내가 지금 경찰서에 있는데 보석금이 필요해.,1
선입금만 하시면 대출이 바로 가능합니다.,1
특별 프로모션으로 신용 점수와 관계없이 대출이 가능합니다.,1
고객님의 카드로 해외에서 결제가 진행되었습니다.,1
미납 요금이 있으니 지금 바로 결제하셔야 합니다.,1
상품권을 구매해서 번호를 보내주시면 환급 처리가 가능합니다.,1
"현재 계좌가 정지될 예정이니, 안전 계좌로 이체해주세요.",1
본인 인증을 위해 OTP 번호를 불러주세요.,1
"고객님, 저금리 대출 상품이 나왔는데 신청해보시겠어요?",1
기존 대출을 저희가 대환 대출로 바꿔드릴 수 있습니다.,1
현재 경찰과 공조 수사 중입니다. 협조 부탁드립니다.,1
체납된 세금이 있어서 급히 납부하지 않으면 법적 조치가 진행됩니다.,1
현재 고객님의 계좌가 해킹당했습니다.,1
"검찰청 수사관인데요, 고객님의 계좌가 범죄에 연루되었습니다.",1
국세청에서 나왔습니다. 고객님의 세금 미납 건으로 연락드렸습니다.,1
여기 경찰청 사이버수사대입니다.,1
"금융감독원에서 조사 중인데, 고객님의 계좌에서 이상 거래가 발견되었습니다.",1
보이스피싱 예방 차원에서 본인 확인이 필요합니다.,1
신용등급 상향을 위해 보증금을 먼저 입금하셔야 합니다.,1
고객님의 택배가 배송 중 문제가 발생했습니다.,1
택배비 미납으로 인해 물품이 반송될 예정입니다.,1
고객님의 주문이 취소되었으니 계좌 정보를 입력해주세요.,1
고객님의 이버 계정이 해킹되었습니다. 본인 확인이 필요합니다.,1
카카오톡 인증번호를 입력하지 않으면 계정이 정지됩니다.,1
애플 아이디가 해외에서 로그인되었습니다. 본인이 맞으신가요?,1
구글에서 보안 강화를 위해 비밀번호를 재설정해야 합니다.,1
페이스북 계정이 신고되었으니 본인 확인이 필요합니다.,1
무료 이벤트에 당첨되셨습니다! 수수료만 입금하시면 경품을 받으실 수 있습니다.,1
로또 1등 예측 번호를 알려드릴 테니 가입비를 입금해주세요.,1
고객님이 참여하신 설문조사에서 1등이 당첨되었습니다.,1
해외에서 고객님의 신용카드가 사용되었습니다. 확인이 필요합니다.,1
지금 투자하시면 원금 보장이 확실한 고수익 상품을 추천해 드립니다.,1
"안녕하세요, 저는 금융감독원에서 나왔는데 고객님의 계좌에서 이상 거래가 감지되어 확인차 연락드렸습니다.",1
고객님 명의로 개설된 계좌에서 불법 자금 흐름이 발견되어 조사 중에 있습니다.,1
현재 고객님의 신분증이 도용된 정황이 있어서 추가 확인이 필요합니다.,1
본인 확인을 위해 주민등록번호와 계좌번호를 말씀해 주시면 바로 조회해 드리겠습니다.,1
지금 즉시 보안 절차를 진행하지 않으면 계좌가 정지될 수 있습니다.,1
고객님 계좌가 보이스피싱 조직의 돈세탁에 이용된 정황이 있어 검찰과 경찰이 조사 중입니다.,1
지금 당장 안전한 계좌로 자금을 옮기셔야 피해를 막을 수 있습니다.,1
"고객님의 신용등급이 잘못 반영되어 대출이 어려운 상태인데, 저희가 도와드릴 수 있습니다.",1
정부에서 제공하는 특별 대출 상품이 있는데 고객님께 해당 조건이 맞아 바로 신청 가능합니다.,1
이번 달 안에 신청하셔야만 저금리 대출 혜택을 받을 수 있습니다.,1
최근 카드 결제가 해외에서 이루어졌는데 본인이 사용한 게 맞나요?,1
본인 사용이 아닐 경우 계좌 보호를 위해 금융감독원의 지시에 따라 자산을 이전해야 합니다.,1
보이스피싱 예방을 위해 고객님의 계좌와 비밀번호를 확인하고 있습니다.,1
"저희는 검찰 수사관이며, 고객님이 현재 사기 사건에 연루된 정황이 있습니다.",1
고객님의 명의로 대포통장이 개설되었으며 이를 해결하지 않으면 법적 조치가 진행될 수 있습니다.,1
현재 수사기관에서 압수수색 영장을 발부한 상태입니다. 고객님께서는 협조해 주셔야 합니다.,1
"고객님께 발송된 문자를 확인하시고, 본인 인증을 완료해 주세요.",1
불법 자금 거래를 방지하기 위해서는 안전 계좌로 돈을 이체해야 합니다.,1
고객님 계좌에서 대량의 현금 출금 요청이 들어왔는데 본인이 진행한 건가요?,1
저희가 알려드리는 절차를 따르지 않으면 신용점수가 하락할 수 있습니다.,1
본사 서버 점검으로 인해 고객님의 개인정보가 유출될 가능성이 있습니다.,1
현재 고객님 명의로 개통된 휴대폰이 해외에서 사용 중인데 확인 부탁드립니다.,1
지금 바로 본인 확인이 이루어지지 않으면 계좌가 자동으로 정지됩니다.,1
사기 피해 예방을 위해 검찰청에서 직접 연락드린 것입니다.,1
고객님은 정부에서 제공하는 특별 재난지원금 대상자로 선정되셨습니다.,1
세무조사 과정에서 고객님의 계좌에 이상 거래가 발견되었습니다.,1
고객님이 신고되지 않은 고액 자산을 보유하고 있어 조사가 필요합니다.,1
정부 보조금을 신청하시려면 먼저 본인 확인 절차를 거쳐야 합니다.,1
빠르게 조치를 취하지 않으면 고객님의 모든 금융 거래가 차단될 수 있습니다.,1
"본인 명의로 대출이 승인되었으며, 이를 취소하려면 즉시 연락이 필요합니다.",1
"고객님, 개인 정보 유출로 인해 고객님의 계좌가 위험에 노출되었습니다. 지금 즉시 안전 조치를 취하지 않으면 모든 예금이 인출될 수 있습니다.",1
고객님의 계좌에서 비정상적인 거래가 감지되어 긴급 조치를 위해 연락드렸습니다. 본인 확인을 위해 주민등록번호와 계좌 비밀번호를 알려주십시오.,1
안전을 위해 모든 예금을 저희가 지정한 안전 계좌로 이체해주십시오.,1
고객님의 택배가 주소 불명으로 배송되지 못하고 있습니다. 정확한 주소를 확인하기 위해 개인 정보를 입력해주십시오.,1
고객님의 카드가 해외에서 부정 사용되었습니다. 본인 확인을 위해 카드번호와 CVC 번호를 알려주십시오.,1
고객님의 개인 정보가 범죄 조직에 유출되어 위험에 처해있습니다. 안전을 위해 저희가 안내하는 대로 따라주십시오.,1
고객님의 휴대폰이 불법 스팸 발송에 사용되어 정지될 예정입니다. 정지를 막기 위해 본인 인증을 해주십시오.,1
자녀분의 등록금 납부가 확인되지 않아 연락드렸습니다. 등록금 납부를 위해 계좌 정보를 알려주십시오.,1
고객님께서 세금 환급 대상자로 선정되었습니다. 환급을 위해 계좌 정보를 알려주십시오.,1
고객님께서 민사 소송에 휘말려 현재 재판이 진행 중입니다. 자세한 내용은 저희가 보내드리는 링크를 통해 확인하십시오.,1
가족분께서 응급실에 입원하셨습니다. 긴급 수술을 위해 수술비를 입금해주십시오.,1
고객님께서 투자하신 상품의 수익금이 지급될 예정입니다. 수익금 지급을 위해 계좌 정보를 알려주십시오.,1
대출금을 받기 위해 수수료를 입금해주십시오.,1
고객님께서 이벤트에 당첨되셨습니다. 당첨금을 받기 위해 개인 정보를 입력해주십시오.,1
고객님께서 회원으로 선정되셨습니다. 회원 가입을 위해 가입비를 입금해주십시오.,1
고객님께서 투자하신 상품의 수익금이 지급될 예정입니다. 수익금 지급을 위해 계좌 정보를 알려주십시오.,1
경찰서 강력팀입니다. 지금 당신의 계좌가 범죄에 연루되어 수사 중입니다. 즉시 모든 예금을 저희가 지정한 안전 계좌로 이체하지 않으면 체포될 수 있습니다.,1
당신의 개인 정보가 불법 거래되고 있습니다. 지금 당장 저희 지시에 따르지 않으면 법적 책임을 져야 할 것입니다.,1
"당신이 연루된 사건은 매우 심각합니다. 지금 협조하지 않으면 구속 수사는 물론, 언론에 당신의 이름이 공개될 수 있습니다.",1
당신의 가족이 위험에 처해있습니다. 지금 저희가 안내하는 대로 하지 않으면 가족의 안전을 보장할 수 없습니다.,1
당신의 통화 내용이 모두 녹음되고 있습니다. 지금 저희에게 협조하지 않으면 불리한 증거로 사용될 수 있습니다.,1
"당신이 거주하는 지역에서 강력 범죄가 발생했습니다. 당신이 용의자로 지목되었으니, 즉시 경찰서로 출석하십시오.",1
당신의 SNS 계정이 해킹되어 불법적인 내용이 게시되었습니다. 지금 당장 저희에게 협조하지 않으면 법적 책임을 져야 할 것입니다.,1
당신의 차량이 범죄에 사용되었습니다. 지금 당장 저희 지시에 따르지 않으면 차량을 압수하고 당신을 체포할 것입니다.,1
당신의 가족이 교통사고를 당했습니다. 지금 당장 병원으로 오지 않으면 가족을 잃을 수도 있습니다.,1
당신의 자녀가 학교 폭력에 연루되었습니다. 지금 당장 학교로 오지 않으면 자녀가 퇴학당할 수도 있습니다.,1
나 지금 너무 위험해. 빨리 돈을 보내주지 않으면 큰일 날 것 같아.,1
나 지금 빚 때문에 너무 힘들어. 빨리 돈을 빌려주지 않으면 큰일 날 것 같아.,1
나 지금 급하게 돈이 필요해. 빨리 보내주지 않으면 정말 힘들어져.,1
"여보, 나 지금 너무 무서워. 빨리 돈을 보내주지 않으면 무슨 일이 생길지 몰라.",1
나 지금 납치당했어. 빨리 돈을 보내주지 않으면 나를 죽일지도 몰라.,1
나 지금 병원에 입원했는데 수술비가 부족해. 빨리 돈을 보내주지 않으면 위험해.,1
나 지금 사업이 망해서 너무 힘들어. 빨리 돈을 빌려주지 않으면 파산할 수도 있어.,1
나 지금 도박 빚 때문에 너무 힘들어. 빨리 돈을 빌려주지 않으면 협박당할 수도 있어.,1
"고객님, 고객님의 계좌 정보가 유출되어 위험에 처해있습니다. 안전을 위해 저희가 안내하는 대로 따라주십시오.",1
고객님의 계좌가 지급 정지될 예정입니다. 지급 정지를 막기 위해 본인 인증을 해주십시오.,1
고객님께서 예금 만기 환급 대상자로 선정되었습니다. 환급을 위해 계좌 정보를 알려주십시오.,1
고객님의 계좌가 범죄에 사용되었을 가능성이 있습니다. 지금 즉시 저희 지시에 따르지 않으면 법적 책임을 져야 할 것입니다.,1
고객님의 계좌가 악성 코드에 감염되었습니다. 지금 즉시 모든 예금을 저희가 지정한 안전 계좌로 이체하지 않으면 모든 예금이 인출될 수 있습니다.,1
고객님께서 긴급 대출 대상자로 선정되었습니다. 대출을 받으시려면 지금 바로 저희가 안내하는 계좌로 수수료를 입금하십시오.,1
고객님께서 정부 지원 대출 대상자로 선정되었습니다. 대출을 받으시려면 지금 바로 저희가 안내하는 링크를 통해 개인 정보를 입력하십시오.,1
고객님께서 VIP 고객으로 선정되셨습니다. VIP 혜택을 받으시려면 지금 바로 저희가 안내하는 계좌로 가입비를 입금하십시오.,1
국세청입니다. 체납 세금이 있으니 즉시 계좌로 납부해주시기 바랍니다.,1
보건복지부에서 안내드립니다. 코로나 지원금 신청 대상자로 선정되었습니다. 링크를 클릭하세요.,1
귀하는 국가기관의 조사를 받고 있습니다. 본인 확인을 위해 개인정보를 입력해 주세요.,1
검찰청에서 연락드립니다. 현재 고객님께 관련된 사건이 진행 중이니 즉시 확인 바랍니다.,1
법원 출석 명령이 발송되었습니다. 사건 번호 확인을 위해 본인 인증을 진행해 주세요.,1
서울지방법원에서 연락드립니다. 출석 일정을 조정하려면 상담원과 연결해 주세요.,1
고객님 명의로 법적 분쟁이 발생하여 소환장이 발급되었습니다. 링크에서 확인 바랍니다.,1
정부지원 서민대출이 가능해졌습니다. 신용 등급과 상관없이 저금리로 즉시 신청하세요,1
고객님께만 제공되는 특별 대출 혜택! 기존 대출을 1% 금리로 전환 가능합니다.,1
"은행 특별 프로모션! 당일 승인, 무서류, 무방문 대출을 지금 바로 이용하세요.",1
대출 한도가 상향 조정되었습니다. 기존보다 더 많은 금액을 낮은 금리로 이용할 수 있습니다.,1
증거 자료로 채택이 돼서 피해자 입증에 유리하게 작용될 수 있습니다.,1
그럼 우선 녹취 전에 몇 가지 주의사항 먼저 말씀드리겠습니다.,1
목소리 외 잡음이나 제3자의 목소리가 개입되면 안 되고요 본 사건이 종결되기 전까지 제3자에게 사건 내용 발설하시면 안됩니다.,1
알고 계신 사실에 대해서 은닉 또는 허위 진술을 해서도 안되고요.,1
이 사건에 대해 전혀 관여된 바가 없고 피해자이시라면 있는 그대로 거짓 없이 사실 그대로만 진술하시면 됩니다.,1
지금 비대면으로 진행하는 수사 과정에 있어서 본 검사는 절대로 금전을 요구하거나 개인 정보에 대한 문의하지 않을 겁니다.,1
본인이 사용하고 있는 계좌와 본인이 모르는 계좌가 추가로 더 확인됐는지 조회를 할 건데요.,1
조회하기 전에 사용하시는 계좌에 대해서는 우선적으로 계좌가 도용되지 않도록 안전하게 자산보호 설정 한 이후에 조회를 하게 됩니다.,1
"자산 보호 설정이라는 것은 이 시간 이후로 본인도 모르게 금융 자산이 피해를 입게 될 경우, 정부에서 그 피해를 보상해 주거나 또는 본인 명의가 도용돼서 타인에게 피해를 끼친 부분에 대해서는 해당 사항이 없음을 인정해주는 절차를 말합니다.",1
잘 모르시고 확인되지 않은 게좌에 대해서는 동결 처리 시킬 겁니다. 동의하십니까?,1
공범이 검거되지 않은 상태에서 추가로 명의를 도용해서 범죄를 저지를 수 있기 때문에 또 다른 피해를 미연에 방지하고자 하는 조치입니다.,1
현재 사용하시는 금융권에 대한 상호 진술 먼저 받겠습니다.,1
현재 거래하고 있는 은행에 대해 빠짐없이 진술해 주시기 바랍니다.,1
계좌번호나 비밀번호는 이야기할 필요 없습니다.,1
자산 보호 설정은 담당 검사님께서 확인해주실 겁니다. 그럼 전화 잘 받아주시고 협조 잘 부탁드립니다.,1
서울중앙지검 지능 범죄 수사 1팀 검사입니다.,1
일단 저희가 현 시간부로 본인 앞으로 금융권 전수조사를 할 건데 이걸 하는 이유는 본인 재산권 보호를 하기 위해서고요.,1
또한 불법 자금이 오고 갔는지 알아보기 위한 조사입니다.,1
혹시라도 진술하신 통장 외에 다른 통장이 나올 시 저희가 불법 대포 통장으로 간주해 동결 처리가 될 겁니다. 이해되십니까?,1
그런 부분은 저희가 담당 검사님이 계시니까요 앞으로 다 확인시켜드릴 수 있는 부분이시고요,1
"그리고 저희 사법기관에서는 유선상으로 본인이 계좌번호, 주민번호 같은 것들을 절대 말씀하시면 안 되십니다.",1
아무리 사법기관이라도 개인 정보에 대해 여쭤볼 권한 없습니다.,1
"자 그럼 실질적으로 사용 중인 은행권, 간단히 진술 받겠는데 피해자 입증 조사는 전반적으로 저희 지검에서 녹취 상태로 진행할 겁니다.",1
"녹취 내용은 본인 진술 토대로 공판 때, 본인 앞으로 피해자 입증 증거 자료로 채택이 될 거고요",1
"진술하실 때 아시는 내용만 사실 그대로 진술해 주시면 되겠고 혹시 뭐 주의하실 점은 녹취하는 과정에서 만 19세 이상, 제3자의 목소리나 소음이 들리시면 증거 자료 채택이 어렵다 보니깐요",1
최대한 조용한 공간에서 녹취 부탁드리겠는데 실례지만 자택이십니까?,1
사이트에 고가의 물품을 싸게 판매한다고 허위 판매글을 올리고 돈만 입금 받고 물품을 안 보내는 금융 범죄 사기를 저질렀습니다.,1
일명 먹튀 사건이라고 이해하시면 되겠고요,1
그 과정에서 본인 명의의 차명 계좌가 사용되었고 전산상으로 차명계좌로 인해 범죄를 저지른 이 사건에 대해서 본인이 개인정보 유출로 인한 명의 도용 당하신 피해자인지 이 부분에 대해 저희가 조사 진행 중에 있는 사건이십니다.,1
혹시 본인 맞으신가요?,1
"지금 연락드린 곳은요, 저희는 대검찰청 특수부에서 연락을 드렸어요.",1
년 월 생 맞으세요?,1
지금 연락드린 사람은요 저는 사무관이라고 하고요,1
성매매 특별법 위반 및 불법 자금 은닉 건으로 참고인 조사차 연락을 드리게 되었어요.,1
지금 혹시 통화 좀 가능하실까요? 아 그럼 출석요구서 보내드릴 테니깐요 확인하시고 출석 좀 한 번 해주세요.,1
고객님 담당자고요 지금 통화 가능하신가요?,1
지금 진행 결과 나오셨고요 현재 생각보다 그 이상으로 작업은 너무 잘 되셨어요.,1
한도는 최대 천만원까지 나오셨고요 금리는 퍼센트 % 나오셨어요.,1
그리고 상환기간은 최장 년까지 가능하시니까 상환기간이랑 결제일을 며칠로 할지 계약체결 전에 제가 다시 전화 드릴 건데 그때까지만 생각하시면 되시고요.,1
한도랑 금리 듣고 약간 놀라실 수 있는데 원래 이 상품 자체가 작업을 한다 해도 우량직군 대상으로만 진행되는 상품이예요.,1
상품이 편법 전산 작업 대출이요.,1
그런데 저희 지점장님이 승인해 주셔서 강제 승인권으로 입금까지 다 가능하시고 계약 체결만 하고 입금 받으시면 되시는데 아시겠지만 원래 고객님 신용도로는 대출 자체가 아예 안 나오셨잖아요.,1
저희가 전산 작업으로 갑자기 신용도를 상승시켰기 때문에 저희가 고객님 통장에 입금 처리해드려도 금감원이나 아니면 은행연합회 쪽에서 감사가 나와서요.,1
확인해보니까 연체 이력 좀 많으셨고 지금 가장 중요한 DSR 초과에 조회 건수 많았는데 어떻게 삭제되면서 입금이 된거냐.,1
작업한 거 맞지 않냐고 추심이 나온단 말이에요.,1
그러니까 고객님 지인분 계좌로 입금해 드리고 그 다음에 고객님께서 이체를 받아서 사용하라는 내용으로 요청이 내려왔어요.,1
지인분이 단순히 입금만 받아주시는 거니까 알아보시고 연락을 주시고요,1
혹시나 오해하실까봐 제가 미리 말씀을 드리는데 지인분이 보증이나 뭐 참고인이 아니에요.,1
아실수도 있겠지만 보증인 참고인은 저희 나라에서 아예 전면 폐지가 됐고요 그렇다고 지인분이 채무를 대신하거나 아니면 지인분 신용에 문제라거나 그런 건 전혀 없으시고요.,1
말 그대로 입금만 받아 주시는 거예요.,1
뭐 당연한 게 지인분은 서류 보내는 거 당연히 단 하나도 없으시고요.,1
"괜히 아시겠지만 도움만 주시는 건데 예를 들어 편법이다, 작업이다, 비용이 든다 이런 말들은 당연히 불안해하실거니까 절대로 말씀하지 말아주시고요",1
그래서 간단하게 지금 내 앞으로 원래 한도는 다 나와 있는데 내가 지금 지급정지가 걸려있어서 금융사 이름으로 들어오는 돈은 내가 받지를 못하는 상황인데 내가 잘 아는 대출 담당자한테 부탁한 거다,1
문제 없으니까 입금만 받아 달라 말씀해 주시고요,1
아니면 더욱 더 간단하게 내가 이렇게 작년에 진행해서 이런 식으로 대출받아 봤고 너한테 피해 없고 문제 없으니까 부탁하는거다.,1
이런 식으로 확고하게 말씀만 잘 해주시고요,1
그리고 마지막으로 나이 제한만 있는데요 만 세 미만이거나 만 세 넘으신 분들은 금융사 자체에서 입금이 들어갈 수 없어요,1
본인 확인차 지인분 이름이랑 전화번호랑 계좌번호랑 주민번호 이렇게 문자 주시고요,1
문자 주시면 제가 통화를 할 거예요,1
저희도 지인분 계좌가 맞는지 간단히만 확인하고 입금을 해야 되잖아요,1
"단순히 지인분 본인 계좌가 맞는지 그리고 입금만 받아 주는 거 동의하신 건지 딱 2가지만 여쭤보고요 계좌, 본인 확인만 하고 전화 바로 끊을거예요.",1
혹시나 고객님 대출인데 내 주민 번호가 왜 들어가냐고 물어볼 수가 있잖아요?,1
지인분께서 고객님께 자금 전달이 안 될 수도 있고요 실제 그런 사고 사례가 있어요.,1
중요한 건 나중에 아시겠지만 입금 처리해 드리는 게 절대로 개인 돈이 아니라 금융사 자금이란 말이에요.,1
대출이다 보니까 좀 꺼려할 수 있잖아요.,1
당당하게 말씀 안 하시고 불안한 듯 말씀하시면 지인분도 불안해서 도움 안 주실 거니깐 당당하게 저도 똑같이 말씀드릴 거니까 담당자 실제로 잘 알고 안면 있고 대출받아 봤고 너한테 피해 없다 이런 식으로 확고하게 말씀만 잘 하시면 잘 도와주실 거예요.,1
캐피탈로 도와드리고 있는데 정상적인 게 아니라 편법이잖아요. ,1
여러 가지 코드를 가지고 있고요.,1
정확히는 은행연합회 소속이고요,1
그래서 3개월 뒤도 은행권 대환이 가능하신 거예요,1
일단 입금 대기 맞춰 놨으니까 정말 거의 다 끝나신 거잖아요?,1
저한테 연락주시면 제가 책임지고 당일 입금 처리는 꼭 도와드릴게요.,1
수고하십니다. 법원 등기우편 관련해서 연락드렸고요.,1
연락드린 곳은 대검찰청 사무관이라고 합니다.,1
다름이 아니라 이전에 저희 측에서 등기우편 1개를 발송해 드렸었는데 수령을 못하셨어가지고요 내일 다시 발송해드릴거고요,1
사건 관련해서 나가시는 건데 혹시 이전에 사건 안내받아보시거나 사건 조회해 보신 거 없으실까요?,1
사건이 이번이 처음이신거죠,1
그러시면 간단하게 사건 조회부터 도와드리겠습니다.,1
잠깐 인터넷 사용 가능하실까요? 핸드폰으로도 가능하십니다. 인터넷 한 번 켜주시고 말씀 한 번만 해주세요,1
서울남부지검입니다. ,1
앞으로 전화드린 이유는 수사하는 과정에서 통장 명의자분들을 보시게 되면 대다수 분들은 명의 도용으로 통장이 개설되었지만 몇몇분들은 생활 형편이 어려우시다 보니깐 금전적인 대가를 받고 판매를 하신 분이 또 계셨더라고요,1
단돈 오갔는지 뭐 양도 혹은 판매한 사실이 있는지 아니면 본인도 마찬가지로 개인정보 유출로 인한 명의 도용을 당하신 피해자분이신지 진위 여부 확인차 연락드렸습니다.,1
사법기관에서는 본인 앞으로 절대 개인번호로 전화가 가지 않습니다.,1
저는 법원에 인가 받은 녹취용 단말기로 앞으로 녹취 수사를 하기 위해 연락드린겁니다.,1
본인도 피해자라고 주장을 하시는데도 법적으로 입증될만한 피해자 증거 자료가 있습니까?,1
제가 유선상으로 더 이상 말씀드릴 건 없는데 소환장 발부할게요,1
일단 출석하셔서 수사 받으시면 되시겠습니다. 아시겠죠,1
제가 앞부분에서 말씀 다 드렸는데 집중 안 하신 거 아닙니까?,1
 확인을 하세요. 저는 조직범죄 수사과 메모 가능하시면 메모하십쇼,1
자꾸 저한테 따지지 마시고 확실하다 안 확실하다 그거는 본인께서 판단을 하시는 거지,1
일단 수사 안 하실 거면 소환장 발부하도록 하겠습니다.,1
나오셔서 수사 받으시면 되잖습니까?,1
제가 돈 달라고 했습니까 개인정보 여쭤봤습니까,1
아니 화를 낸 게 아니라 본인 사건이지 제 사건입니까 저는 바쁩니다,1
전국적으로 많은 분들이 연루가 돼 있다 보니 저희도 많이 바쁩니다.,1
제가 돈 달라고 했습니까 ,1
메모하세요 일단은,1
본인 되십니까,1
저는 서울중앙지금 사무관입니다.,1
지금 연락드린 게 다름이 아니라 성매매 특별법 위반 및 불법 자금 은닉 건으로 몇 가지 조사차 연락드렸습니다.,1
현 시점부터 모든 통화 내용은 다 녹취로 진행되기 때문에 제3자의 목소리나 잡음이 섞이게 되면 증거 채택으로 어려우십니다,1
현재 근무 중이세요 자택이세요,1
잠깐 단독된 공간으로 자리 이동 가능하십니까?,1
지금 주변에 소음이 들리시는데요?,1
우선 본  사건 같은 경우는 종결된 사건이 아니다 보니 민감한 사항이 많고 사건 자체가 엠바고 사건으로 지정됐기 때문에 사건 내용을 유출하실 경우 이하의 징역이나 만 원 이하의 벌금형 처벌 가능하다는 점 인지 부탁드립니다.,1
사건 내용 설명 후에 검찰청 홈페이지에서 관련된 사건 소장부터 육안으로 확인시켜 드릴 거고,1
사건 내용부터 간단하게 설명드릴게요,1
총 곳의 오피스텔에서 성매매 알선 및 불법 자금 은닉 혐의로 주범을 검거했는데 관계가 어떻게 되십니까?,1
통화 중에 휴대폰으로 인터넷 접속 가능하시죠?,1
육안으로 공문을 확인시켜드리겠습니다.,1
휴대폰으로 인터넷 창 아무거나 하나 열어 주시고 맨 위에 URL 창을 공백으로 지워주시고 저한테 말씀해주세요,1
제가 홈페이지 주소 알려드릴게요 입력하시고 접속하시면 됩니다,1
하단으로 당겨보면 온라인 민원 옆에 나의 사건 조회라고 나오실 거예요,1
나의 사건 조회 클릭해주시고 비회원 실명 확인 해주시면 됩니다,1
그러면 사건 소장이 확인 되세요,1
비회원 실명 확인이라고 나오시죠,1
비회원 실명확인하시고 사건 번호 확인되시면 말씀해주세요,1
이렇게 말귀를 못 알아들으세요?,1
본인께서는 어떤 생각으로 협조를 못하시는지 그 부분에 대해서는 다르게 저희 쪽에서 판단할 수도 있고 구속영장 집행할 수도 있으니까 ,1
지금 통화가 안되시고 그려면 아마 내일 제가 오전 중에는 출근하는데 소환해서 상황 따라서 대면조사 아니면 구속수사도 될 수 있는 상황이거든요,1
본인 명의로 된 계좌도 그렇고 본인 앞으로 된 사건 공문도 일단 확인을 하셔야 되잖아요,1
와서 대면조사 제가 그렇게 해 드릴게요,1
성함이랑 계좌 거래내역서에 확인할 부분도 있고 절차 과정이 안되시잖아요,1
그러면 본인 확인하시고 내일 오전 중으로 출석해서 일단 대면조사 받으면 됩니다,1
지금 유선상으로는 안도니다니까 저희가 어쩔 수 없이 소환 조사해야 된다고 말씀드리는 겁니다,1
조사 대상으로 최대한 빠르게 사건 공문이랑 부분 확인을 위해 지금 이게 엠바고 사건이잖아요,1
그래서 조사하는 과정입니다.,1
일단 이유랑 그 부분은 결과 나오는대로 연락을 드려서 안내를 드릴게요,1
피의자인지 아니면 개인정보 유출로 인해 피해를 본 피해자인지 확인하려고 연락드린거고요,1
출석 요구서를 보내드릴테니까 시간 이내로 오시면 되시거든요,1
출석 요구서를 받으시고 시간 이내로 서울중앙지검으로 오시면 되신다고요,1
녹취로 증거물로 남겨서 피해자 입증을 도와드릴 수도 있거든요,1
지금 전화드린 이유는 이번 사건이 본인과 무관하다는 것을 피해자라는 것을 입증하셔야 되시는 상황이고요,1
사건 현장에서 본인 명의로 된 증거물이 발견됐기 때문에 본인은 피의자도 아니고 가해자도 아니고 피조사자 신분이시거든요,1
나는 이번 사건하고 무관하다는 것을 입증하셔야 되시는 상황이시라고요,1
그러니까 저는 지금 전화드린 것도 녹취 폰으로 전화드린 거고요,1
 그러니까 지금 전화드린 것도 녹취로 증거물로 남겨서 본인이 피해자라는 것을 입증 하셔야 되시는 상황이라고요,1
지금 의심하시니까 출석요구서를 보내드릴게요,1
이 사건이라는 것인 함부로 하는 게 아닙니다.,1
본인을 위해서 말씀드리는 건데 지금 녹취가 되고 있습니다,1
사건이 접수가 돼서 확인차 연락드린 건데요,1
자꾸 이렇게 협조를 하시지 않으시면 본인 앞으로 출석 요구서 보내드려가지고 본인이 직접 확인해 주시고 저희 쪽에서 다시 연락드릴 겁니다.,1
접수가 돼서 지금 알려주려고 확인차 연락드린 건데 자꾸 이러시니까 지금 본인한테 어떻게 뭐 도와드릴 수 있는 방법이 없는 겁니다.,1
이 사건에 대해 잘 들어주시고 이해해주시기 바랍니다.,1
본인 앞으로 지금 대포폰이 발급된 상태인데 본인께서는 지금 뭐 체크카드 사용하고 계신 중입니까,1
범죄자를 검거할 당시에 명의가 도용돼가지고 확인차 연락드린 겁니다,1
 그러면 녹취 상태에서 말씀하신 모든 부분을 녹취 기록에 남길 거고 증거로 채택을 할 겁니다,1
그러니까 본인이 피해자라고 하신다면 거짓 없이 있는 그대로 이제 사실만 말씀하시면 되는 거고요,1
지금부터 피해자 입증 조사를 진행하겠습니다 < 여기까지!>,1
저는 서울중앙지금 지능범죄 수사국 검사입니다,1
본인 확인부터 하겠습니다,1
서울중앙지검이고요 저희 쪽에서 발부해드린 공문장 혹시 못 받으셨어요?,1
저희가 세 차례에 걸쳐서 공문장을 발부해 드렸고요,1
검찰청으로 출석해주지 않으셔서 연락을 드린 겁니다,1
제가 주소지 다시 한 번 확인할게요. 본인 주소지 먼저 확인하겠습니다.,1
서울중앙지검 특수부에서 연락드린 겁니다,1
사건 조사 중에 개인 정보가 나와서 조사차 연락을 드린 거고요 혹시 통화 가능하십니까,1
저희가 년도 사건 조사 중에 개인정보가 나온 거예요,1
소환장도 등기로 발부해 드릴 건데요 주소지 다시 한 번 확인해주시겠어요?,1
그러면 통화 가능하시다고 하시면 제3자가 없는 조용한 곳으로 자리 이동 부탁드릴게요,1
현 시점부터 모든 통화 내용 녹취로 진행될 겁니다,1
제3자의 목소리나 잡음이 섞이게 되시면 증거채택 어려우세요,1
본 사건은 사건 자체가 엠바고 사건이시고요,1
아직까지는 뉴스나 언론에 보도가 안 된 사건이시고 종결된 사건이 아니다 보니 유포 발언권이 없습니다,1
우선 제가 사건 내용 설명 후 검찰청 홈페이지에서 관련된 사건 소장 전부 육안으로 확인 도움 드릴 거예요,1
오피스텔에서 성매매 알선 및 불법 자금 은닉 건으로 주범을 검거했는데요,1
본인 혹시 인물에 대해서 아십니까,1
저희가 성매매 단속 중에 검거하는 당시 다량의 차명 계좌와 공인인증서가 들어있는 USB를 압수했고요,1
그 과정에서 개인정보가 나와서 연락을 드린 거예요,1
확인된 거는 본인 명의로 은행 계좌가 개설이 되셨고요 그 계좌로 인해서 불법 거래가 있으셨습니다.,1
발급받은 지점이 발급받은 거로 확인이 되시고요,1
현재 이 통장이 대포통장으로 개설이 되신거고 그래서 확인이 안 되실 거예요,1
계좌 본인이 개설하신 거 맞으세요?,1
그럼 계좌가 개설된 거에 대해 전혀 모르고 계셨다는 거예요,1
대포통장으로 이용이 되셔서 확인이 안 되십니다.,1
본인 확인이 됐으면 조치가 있으셨겠죠,1
다른 피해자분들도 있기 때문에 본인 시간을 이렇게 맞춰 드리기가 힘들고 오후쯤으로 연락 한 번 다시 드리도록 할게요,1
본인께서 보호받을 자산이 없으시면 없습니다 이렇게 진술해주시고,1
먼저 은행 입출금부터 진술해 주세요,1
그 다음에 청약계좌 진술해주세요,1
혹시 본인께서 두 통장을 개설하시고 일당에게 금전적인 대가를 받고 양도 판매하신 건 아니신지,1
개인정보 유출로 인해 명의도용 당하신 피해자분이신지 이 점 확인하려고 연락드렸고요,1
본인만 연루되어 있는 사건이 아닙니다. 전구걱으로 연루가 되어있는 사건이고 ,1
검찰 쪽에서는 사건과 무고한 피해자라는 증거자료가 없기 때문에 간단하게 피해자 입증을 받으셔야 되세요. 이해가 되셨어요?,1
직접 방문하셔서 개설하신 금융권은 어디 금융권들 있으시죠?,1
알고 계신 몇 개의 계좌가 개설되어 있으시죠?,1
계좌의 형태가 어떻게 되시냐고요,1
본인 말고도 조사할 분이 많아서 그래요. 각각 계좌의 형태가 어떻게 되시죠,1
전화 드린 건 오해는 하지 마시고요 본인께서 통장을 개설하셔서 주범에게 불법적으로 금전 거래를 하시고 통장을 고의적으로 양도하셨나요,1
아니면 개인정보 유출로 인해서 명의도용 피해당하신 피해자분이신지 확인차 연락드린겁니다,1
가해자 취급을 하고 연락드린 것은 아닙니다,1
어느 정도 피해자라고 보고 있기 때문에 본인한테는 소환장 발부 안 해드리고 일차적으로 피해조사를 하는 겁니다,1
최대한 통신권 측에서 개인정보가 유출되었다 이런 문자나 이메일 받아 본 기억이 있었습니까,1
사건 경위를 말씀드리자면 주범이 명목하에 허위 게시물을 올려놓은 후에 돈만 가로채고 물건을 안 념겨준 금융사기 사건이었습니다,1
몇 가지만 질문드리고 사건 본론 말씀드릴게요,1
본인 혹시 아시는 분이십니까,1
최근 본인 개인정보가 담긴 물품을 분실하시거나 도난당하신 적 있으십니까,1
해킹이나 해외 로그인 같은 시도 당하신 적 있으십니까,1
이러한 상황이 있기 때문에 지금부터 본인께서 사용하시는 금융권 상호와 용도에 대해서만 좀 진술을 받을 거예요,1
다시 한 번 말씀드리지만 본인 계좌번호나 비밀번호 이런 개인정보에 관한 건 절대 말씀하시면 안 되시고요,1
진술하기에 앞서서 저희 쪽에 진술하지 않는 내용에 한해 본인의 추가적인 통장이 발견됐을 땐 저희 쪽에서 대포통장으로 간주가 되고 동결처리가 진행될 수 있다는 점 인지해 주시고요,1
첫 번째로 본인께서 사용하시는 금융권 상호에 대해서만 좀 진술받을 건데 어렸을 대 만들고 사용 안 하셔도 상관 없으시고요,1
휴면계좌도 말씀해주셔야 해요. 본인 명의로 돼 있는 금융권 상호 알려주세요,1
저는 서울중앙지검 첨단범죄 수사팀 수사관입니다. 당사자 본인 맞으십니까,1
최근 개인정보가 담긴 물품 분실하신 적 전혀 없으십니까,1
본인 아시는 얘기 있어요?,1
제가 여쭤본 이유가요 주범으로 한 금융범죄사기단을 검거를 한 상태고요,1
"검거 과정에서 대량의 대포통장, 신용카를 압수했는데 통화하시는 은행 통장이 발견이 됐어요",1
범죄현장에서 발견된 통장 건에 대해 아시는 내용 있습니까?,1
전산상으로 문제가 발생된 부분인지 조사 중에 있는데요,1
최근에 신분증이라던가 운전면허증 개인정보가 담긴 물품을 분실하신 적 있었습니까?,1
다른 계좌건에 대해 확인 나오게 되면 사용을 못 하게끔 하는 거에 대해 이의 없으시죠?,1
만약 이 사건과 연관성이 없게 되면 전화는 안 드릴 거예요,1
금전적인 대가를 받고 본인 명의 통장 대여 또는 판매를 했는지 아니면 개인정보 유출로 인해 명의도용 피해자인지 조사 중에 한 번 연락을 드리게 된 거고요,1
통장이 그냥 발견만 됐으면 상관이 없었는데 대포통장으로 이용이 되었습니다,1
이용하는 과정에서 금전적으로 피해 보신 분들이 있어요,1
그런데 사건으로 고발한 사건이고 ,1
그러다보니 사건 배당이 서울중앙지검까지 배당이 떨어진 상태예요,1
본인께서 이 사건과 연관성이 없게 되면 기본적으로 피해자 입증조사를 받게끔 되어 있고요,1
저희가 일반 휴대폰으로 연락을 드린 게 아니라 법원에서 인가받은 법원 녹취폰으로 연락을 해서 기본적으로 피해자 입증조사를 받게끔 되어 있으니까요,1
사실 있는 그대로만 진술하시면 되시는데 현재 계신 곳이 직장이십니까?,1
이 사건에 대해서 본 수사관은 개인정보보호법에 의거하여 주민번호 은행권의 계좌번호 비밀번호 등을 절대 묻지 않는다는 점 알아두시고,1
마찬가지로 저희가 녹취 중에는 절대 저한테 발설하시면 안 됩니다,1
용의자 일당들과 연관성이 없다는 것에 대해 입증 조사 시작하겠습니다,1
서울중앙지검 첨단범죄수사 부 수사관입니다. ,1
예금자 보호 등록을 위해 질문드리겠습니다,1
본인께서 운영하고 계신 자금이 합법적이고 이번 사건의 일당과 공모한 사실이 없는 무고한 피해자라는 신분을 해명 받으셔야지만 금전적으로나 재산적으로 본인 앞으로 피해가 가지 않도록 저희가 안전조치를 해 드릴 수가 있거든요,1
오늘 기준 본인의 통장에 얼마라고 기재가 되어 있어야 본인의 정상적이고 합법적인 재산입니까?,1
현재 진술하신 계좌 상의 증명에 큰 오차가 날 경우 그 계좌 역시 정상계좌가 아니라고 간주하고,1
본인 앞으로 피해 방지 차원에서 동결처리 및 체포영장이 발부될 수 있습니다,1
역시 범죄에 사용된 통장이다 라고 생각할 수 밖에 없죠,1
공문장 발송할 거예요. ,1
공문장에 적혀있는 날짜를 보시고 직접 출석하셔서 일대일 조사 또 따로 받으셔야 됩니다.,1
조사자는 사람 알고 계십니까,1
통장이 발급됐는데 직접 가셔서 발급받은 거 맞습니까,1
명의의 통장이 개설되어 대포통장 형식으로 범죄에 사용된 사실을 알고 있었습니까,1
통장은 범죄로 사용돼서 추가적인 피해자가 발생하지 않도록 본인 의사와 상관없이 동결처리 시켰습니다.,1
동결처리가 어떤 뜻인지 알고 있습니까,1
녹취 예정인데 잠깐 정차 가능하신가요,1
명의도용사건 관련해서 몇 가지 확인차 연락드렸다고요,1
혹시 명의로 통장 양도 판매하신 적 있으신가요,1
얼마 전에 수사과로 금융사기범 주범 외 공범이 검거됐는데 압수수색 당시 위조된 신분증 대포통장 OTP 보안카드 등을 대량으로 압수했습니다,1
전화드린 건 압수 물품 중에 통장이 발견되어 연락드린 거고요. 듣고 계신가요,1
통장 같은 경우 해당 금융권과 대조해본 결과 확실히 위조된 통장이 아닌 명의로 개설된 통장으로 확인됐어요,1
모르는 내용이 있으시면 그냥 모른다고 간단하게 진술만 해주시면 됩니다,1
녹취조사 자료는 피해자 입증을 위해 제출되는 자료이기 때문에 거짓말을 하시거나 은닉하실 시 공범으로 간주되어 가중처벌 및 체포영장이 발부될 수 있다는 점 인지 부탁드리고요,1
녹취 중에 주위 잡음이나 제3자의 목소리가 섞이게 되면 증거자료로 취하기 어려워요,1
현재까지 진술하신 내용 거짓 없는 사실 맞습니까,1
만일 조사 결과 내용이 진술 사실과 다를 경우 사기방조죄 은닉죄 위증죄가 성립된다는 사실 미리 말씀드립니다,1
그러시면 사건번호를 불러드릴게요 좀 외우시겠어요,1
명의도용 사건이고요,1
사건을 담당하고 게신 담당 검사님께 내선으로 연결해 드릴 거예요,1
검사님 연결되시면 사건번호랑 본인 성함 말씀해 주시고 확실하게 피해자 입증받으시면 되겠습니다.,1
서울중앙지검 금융범죄 수사과 수사팀 수사관이었습니다.,1
수고하십니다. 서울중앙지검 수사관이라고 합니다.,1
본인하고 연루된 명의도용 사건이 있어서 확인차 연락을 좀 드렸어요. ,1
몇 가지 질문드리고 사건번호 말씀드릴게요,1
본인 혹시 아시는 분이세요?,1
최근 지갑이나 신분증 개인정보가 유출될 만한 물건들을 분실 또는 도난당하신 적 있으십니까,1
사진이 아직 종결된 사건이 아니기 때문에 제3자 발설하시면 절대 안 되시는 부분이고요,1
녹취에 앞서 헌법 증거인멸죄 위증죄 공무집행 방해죄 추가된다는 점 명시해 드리고 지금부터 녹취조사 진행하겠습니다,1
아직 종결된 사건이 아니기 때문에,1
검거를 했지만 가담자가 있어서 절대 말씀하시면 안 되시는 부분이에요,1
사건이 종결되기 전에는 누구한테도 발설하면 안 되는 거 아시죠?,1
현재 본인 앞으로 고소 고발 건이 확인되시는 겁니다,1
그렇기 때문에 이 부분에 대해 공개하지 않았다는 피의자 입증을 해주셔야 되는 부분이고요,1
1차 조사할 건데 1차 조사는 간단한 녹취로 조사되는 부분입니다,1
녹취 자료는 공판에 증거자료로 허락되면 주변에 소음이 들러거나 목소리가 들리면 재녹취 조사를 해야 하니 주의해서 진술하시면 됩니다,1
혹시 사람 알고 계신가요?,1
이번에 저희 지검에서 주범으로 인한 금융범죄 사기단을 검거했는데요,1
검거 현장에서 신용카드 보안카드 통장 등을 압수했습니다,1
그런데 많은 분들 중에서도 명의로 개설된 통장이 같이 발견이 돼서 먼저 연락을 드린 건데요,1
첫 번째 예를 들어 전화가 끊어질 경우 저희는 가해자 혐의를 은닉하는 시간으로 판단되기 때문에 자동적으로 소환팀에서 소환장 발부가 될 수 있습니다,1
녹취 조사하기 때문에 ,1
유선 전화로 했을 경우에는 녹취가 불가능하기 때문에,1
조사 자체에 응하기 싫다 이렇게 말씀하시는 거잖아요,1
그럼 나오셔서 조사받으셔도 무관하세요,1
서울 남부지검 나오셔야죠. ,1
저는 서울남부지검 팀장 맡고 있습니다. 해명할 필요도 없고요,1
사건이라는 게 예고를 하고 찾아가지는 않습니다,1
본인의 의지와 상관없이 이 사건에 연루됐다고 말씀하시면 저도 알고 있어요,1
하지만 사건이기 때문에 피해자인지 가해자인지 그 부분만 확인을 해 드릴 뿐이지,1
저를 믿어주세요,1
조사를 꼭 응해야 된다,1
거기에 대해서 그렇다고 강압적으로 하지는 않아요,1
여기에 대해 못 믿어주시고 녹취 수사에 응하기 싫다 이렇게 말씀하시면 소환장 발부를 해드릴테니까 그 시간에 나오셔서 조사받으셔도 무관하세요,1
통신사 어디 이용하고 계세요?,1
이외에 명의로 개설된 다른 통신회선 따로 존재하는 게 있으세요?,1
본인 명의로 개설된 통신회선 내에서 통신권 조회 통해서 조직원들과 모종의 연락이 있었는지 없었는지 먼저 확인부터 할 거고요,1
수사관님께서 진술해주신 재산권 있지 않습니까,1
재산권에 대해 판독조사가 이루어질 겁니다,1
수사과정에 있어 어떠한 협의점도 포착되지 않는다면 피해자판정 해드리고 피해자인증서라는 서류를 발행해드릴겁니다,1
한 마디로 오늘 조사 자체가 피해자 판정 후에 피해자인증서를 발급받는다,1
은행권을 사용을 하던 모두 개인적인 신상정보를 기재하고 사용하는 게 스마트폰이잖아요,1
스마트폰이 해킹이 되가지고 개인정보 유출이 되고 이런 분들이 상당히 많으시기 때문에 본인 자택의 노트북과 휴대전화가 해킹이 되어 있는지 안 되어있는지 조사를 할 거라는 거예요,1
또 다른 IP가 확인이 되거나 동일한 IP로 확인이 됐을 때 불법 IP랑 복제 IP로 간주하여 IP 추적을 해 드릴거니까,1
인터넷 사용하지 마시라는 건데 모두 인터넷에 포함이 되잖아요,1
메시지를 답장을 못 하게 하지 않을 거예요,1
본인께서 저한테 검사님 이러이러한 메시지가 왔습니다. 제가 답장을 해야 할 것 같습니다 미리미리 말씀해주시면,1
제가 IP 수집을 중단하고 답장을 할 시간을 드릴 거기 때문에 IP가 겹치지 않게끔 제한테 미리미리 말씀하시라는 거예요. 아시겠어요?,1
현재 본 사건인 본인뿐만 아니라 전국에 걸쳐 연루가 된 광범위한 금융 외 사건이고요,1
원래 소환조사가 원칙이지만 연루가 되어있다 보니 일일이 소환조사 할 수 있는 상태가 아닙니다.,1
피의 혐의 없으신 분에 한해서만 유선으로 간략하게 조사하고 있어요,1
그러기 때문에 전반적인 조사과정을 녹취할 건데요 몇 가지 주의사항 말씀드리겠습니다.,1
제3자의 음성 또는 기타 소음이 들릴 시 ,1
진술하신 과정에서 위증 또는 은닉하실 경우 공무집행방해죄가 성립되니 이 점 유의하시기 바랍니다,1
실례지만 직장이신 거예요 자택이신 거예요,1
직장이시면 메모지랑 펜 챙기시고 녹취 진행 앞두시면 될 거거든요,1
최대한 좀 조용한 곳으로 가신 다음에 말씀해주시겠어요?,1
이동되시면 말씀해주세요,1
연락드린 곳은 서울 중앙지검의 수사관입니다.,1
다름이 아니고 본인과 연루된 명의도용 사건이 접수가 돼서 몇 가지 수집 차 연락을 드렸습니다,1
저희 쪽에서는 사건이 접수가 됐고 대포통장 발견이 되었기 때문에 연락을 드린 거거든요,1
입출금하거나 청약 또 따로 마이너스통장 정기에금 적금 없으신거죠,1
이렇게 진술받았고요 마지막 진술을 받고 담당 검사님이 이관을 시켜 드릴 거예요,1
불법 자금이 있는지 없는지 진위여부 파악한 뒤 담당 검사님이 이관을 시켜 드릴 건데요,1
전체적으로 합산하셨을 때 피해금액보다 자산이 이상이실까요 아니면 이하이실까요,1
실례지만 아시는 분인가요?,1
얼마 전에 주범으로 하는 금융범죄 사기단을 검거했는데 검거하는 현장에서 명의로 된 통장이 좀 발견되었습니다.,1
통장이 개설이 됐고 현재 지금 대포통장으로 쓰여졌으며 압수한 통장 해당 금융권하고 대조를 해본 결과 명의로 확인이 된 상태예요,1
통장이 대포통장으로 쓰여지면서 돈을 입금하신 피해자분들이 계세요,1
그런데 피해자분들께서 기소권을 요청을 해놨기 때문에 본인한테 연락을 드린거고,1
기소권을 취하하려면 현재 피해자 입증을 좀 받아야 해요,1
피해자 입증이라는 거는 녹취를 통해서 본인한테 질문을 드릴 겁니다. 잘 들으시고,1
자택으로 소환장 하나 발송해 드릴게요,1
제가 제 개인번호로 연락을 드린 이유는 내선 번호로 해서 교차적으로 연락드렸습니다,1
그런데 요새 워낙 보이스피싱 스미싱 이런 스팸전화가 많아서 안 받으신건지,1
현금화할 청약금 같은 경우 있으신가요?,1
입출금 계좌에 대해서 차명계좌 발급을 해 드릴 거예요,1
다 말씀을 드리면 이해를 잘 못 하시잖아요,1
그때그때 상황에 따라서 순차적으로 설명 다 해 드릴거예요,1
공문에 대해서 설명을 좀 드리도록 할게요,1
개인 수수료와 명의도용 피해자와 같은 해명 문구 보이시나요,1
검찰은 조사하신 분들에게 피해자 입증 절차와 그에 따른 주의사항을 말씀해 드리는 거고,1
조사하신 분들에게 피해자 입증절차와 그에 따른 주의사항에 대해서는 설명을 드릴 거예요,1
모든 절차는 조사하신 분들이 이해를 하시면서 나는 무고한 피해자라는 것을 당사자나 스스로가 입증하셔야 된다는 거예요,1
이번 조사 협조함에 있어 가장 핵심적인 부분이에요. 인지하셨나요?,1
합법적인 재산임을 증명 감독받아야 합니다,1
혹시 연고가 좀 있으세요?,1
다 확인을 해 보고 연락을 취해 드린 겁니다,1
통장이 불법적으로 사용이 됐기 때문에 통장이 어떤 식으로 사용이 됐는지 사건 경위에 대해서 좀 설명드리겠습니다,1
검찰 측에서 주범으로 인한 금융범죄사기단을 검거했어요,1
문제가 되는 게 뭐냐,1
검거하는 현장에서 대량의 신용카드와 대포통장을 좀 압수했는데요,1
압수한 대포통장들 사이에서 명의로 된 통장이 발견이 되어서 연락을 좀 드린건데,1
대포통장 관해서 알고 계셨던 내용 있나요?,1
주범은 검거가 되었는데요,1
일당들이 아직 검거가 되지 않았어요,1
그렇기 때문에 또 다른 대포통장 발견이 될 소지가 있어서 금융감독원과 합동 수사가 진행 중이고요,1
금융감독원 측에서 금일 내로 계좌 건에 대해 계좌 추적이 진행이 될 건데요,1
계좌 추적을 진행했을 때 직접 개설한 계좌 말고 모르는 계좌가 또 발견이 되잖아요,1
그러면 금융감독원 측에서는 본인이 모르는 계좌 건에 대해서는 불법계좌로 간주할 수 밖에 없고요,1
모르는 불법계좌 건에 대해서는 사건이 종결되기 전까지 동결처리를 진행하도록 할 건데요,1
아직까지 조사자 신분이기 때문에 피해자라고 판단을 내릴 수 있는 증빙자료가 좀 부족해요,1
본인께서 피해자라고만 말씀하셨다고 해서 저희 측에서 피해자라고 판단을 내릴 수 있는 부분은 아니기 때문에,1
증빙자료가 좀 부족해서 재판부에 제출하게 될 증거 자료로 간력하게 녹취조사를 좀 진행하도록 할 건데요,1
주의사항을 말씀해드리면 육성 소리나 기타 잡음 소리 있죠,1
시끄럽게 개입이 될 경우 재판부에서 채택하기가 어려우실 수가 있으세요,1
우리 고객님 에스크로게좌 같은 경우에는 납부 방법이 일반인들이 사용하는 계좌가 아니기 때문에 혹시라도 이제 은행에서 모니터링이 가실 수도 있으세요,1
혹시라도 모니터링이 가시게 되시면 수정하는 데 시간이 지체가 되실 수 있어요,1
혹시라도 모니터링을 하시면 에스크로게좌 이거 어떻게 알고 상환처리 했냐 라고 물어보실 수도 있으세요,1
다른 말씀 하지 마시고 고객님께서 당황 안 하시고 내가 지인인데 전세 자금 이런 거 빌려주는 거다 라고 말씀 좀 잘하시면,1
모니터링을 좀 피하실 수가 있으시거든요,1
대환조건심리 알고 계시죠?,1
높은 금리를 일부러 일으켜서 사용하는 것처럼 해서 당일만기상황제도  ,1
당일 빌려서 시간 이내로 상환처리가 들어갈 거예요,1
그래서 조건 맞추신 다음에 저희 쪽 자금을 풀어드리겠다 라는 겁니다,1
그냥 자금을 한 번 받으세요,1
정부지원자금이라고 들어보셨잖아요,1
고객님은 다 조건은 충족이 되시는데 금융거래 미비로 확인이 되세요,1
기존에 부채가 전혀 없으시잖아요,1
정부지원자금으로 고금리상품 이용 중이시거나 서민금융나들목으로 이렇게 신청을  해드리는데,1
고객님께서는 조건을 좀 맞춰주셔야지,1
저희가 자금을 풀어드릴 수가 있습니다,1
제가 결제 팀장이기 때문에 고금리상품도 이용해 주셔야 되시고 하시는데 전혀 없으시다고 보니까 금융거래 미비로 확인이 되세요,1
당일만기상환제도라고 있습니다,1
금융권에서 대출을 한 번 받으셔가지고 만기상환하시면 신용등급 올라가시잖아요,1
부채가 너무 없으시면 신용등급이 올라가지 않습니다,1
대출을 받으셔가지고 만기 상환해서 부채를 잘 갚아 나가시면 신용등급이 상승되십니다,1
자금이 나오셨나요?,1
당일만기상환제도로 해서 고객님 오늘 변제 조건하에 자금 받아보시는걸로 진행 도움 드리기로 했었잖아요,1
고객님 저희가 어떻게 보면 당일만기상환제도로 저축 은행에서 기존 고객님을 뺏어 오는 거잖아요,1
직접 상환 요청하시면 되시는데 왜 이렇게 상환요청이 들어왔냐고 물어보실 수 있으실 수 있으세요,1
그러면 사실대로 내가 신용 관리 차원에서 이렇게 처리하려고 하는 거다 라고 말씀 좀 잘 해주셔야 되시고요,1
고객님께서 요청하셔야 되실 게 DTI를 소요가 되잖아요,1
저희가 전산 이관을 받아야 합니다,1
전산이관 절차 하셔야 되시고요,1
기업부 납부증명서를 요청하셔야 되시고요,1
금융사 간에 처리 여부를 금감원 그리고 상대의 금융사 확인되는 방식으로 감독하는 계좌이시고요,1
에스크로 계좌는 일반적인 사용 방법이 아닌데 어떻게 하는거냐고 물어보시게 되시면,1
원래 처리가 안 되시는 부분인데 우회적으로 도움을 드리는 거기 때문에 당황하시면 안되시고,1
그쪽에서 말을 하시더라도 이렇게 내가 하는 건데 세게 나가셔야 되십니다,1
고객님 지금부터 상황보고서 작성에 녹취가 들어가실 겁니다,1
신사업은 결재팀으로 상황보고서 공문이 내려오셨고요,1
상황보고서 답장에 동의하십니까?,1
고객님 녹취가 들어가는 부분이고 그 부분은 고객님께서 동의 하에 녹취가 들어가는 부분이라 걱정을 안 하셔도 되시고요,1
본인 앞으로 명의도용 사건 때문에 연락드렸습니다,1
지금은 금융사기범으로 얼마 전에 수사과에서 검거했는데요,1
일당들을 검거하는 현장에서 본인 명의로 된 대포통장이 같이 발견되었습니다,1
최근 지갑이나 신분증 개인정보가 유출될 만한 물건들을 분실하신 적은 있으십니까?,1
혹시나 해서 해당 금융감독원과 대조해본 결과 확실히 본인 명의로 확인되었고요,1
이번 사건에 연루된 사람들 중에서 직접 전화를 받고 통장을 양도 판매한 사람도 있고,1
개인 자료가 유출되어 명의도용을 당하신 분도 많이 계십니다,1
검찰에서 연락드린 이유는 두 통장을 직접 양도판매 한 가해자인지 아니면 본인 또한 명의도용을 당한 피해자인지 확인차 연락을 드렸는데,1
전반적으로 조사해서 동일 전과가 없으셨고 신분 또한 확실해서 유선 상 연락드린 겁니다,1
검찰청에선 공공기관으로서 유선상으로 본인 앞으로 된 계좌번호나 비밀번호 개인정보 같은 건 절대 여쭤보지 않습니다,1
그러니 본인께서도 주의를 해주시고 절대 얘기하시면 안 되겠습니다,1
검사님께서 검문장 보내드릴 겁니다.,1
검문장 받아보시고 확인해보시면 되겠습니다,1
"검찰청에서는 공공기관에서 본인의 앞으로 계좌번호, 비밀번호, 개인 정보 같은 거 여쭤보지 않습니다.",1
본인께서도 주의를 해 주시고 절대 얘기하시면 안 되시겠고요.,1
어떤 금융권을 지금 사용하고 계시죠?,1
본인께서는 몇 개의 계좌 어떤 용도로 사용하고 계십니까?,1
일단 동일 전과가 없으시고 일단 신분도 확실해서 저희가 유선상으로 이렇게 해놔드린 거예요.,1
그다음에 본인께서 만약에 이 혐의점이 있다고 하시면은요.,1
직접 저희 청으로 내방을 해 조사를 받으셔야 되시겠고요.,1
일단 지금 중요한 건 범죄 현장에서 이 명의로 되신 통장이 발견되었다고 말씀드렸는데 ,1
그래서 당시 보광 씨가 이 통장을 양보한 사실이 없으시면요.,1
간단한 피해자 입증 조사를 받으셔야 되십니다. 일단 저희한테는 본인께서 피해자인지 가해자인지 아무런 증거 자료가 없어요.,1
그래도 본인을 구속되고 가해자다 이렇게 판단할 수는 없지 않습니까?,1
그렇기 때문에 제가 본인 앞서 몇 가지 질문드릴 거예요.,1
이 통장들이 불법 정도로 사용이 되셨거든요.,1
간단하게만 이렇게 진술해 주시면 되시거든요. 이해하셨어요?,1
제가 이 녹취 증거 자료를 제1차 공판 때 피해자 입증 자료로 본인을 대신해서 법정에 제출해 드릴 거예요.,1
다름이 아니라 개인정보 유출 사건 때문에 부자 앞으로 몇 가지 확인차 연락드렸어요.,1
서울중앙지검 수사관입니다.,1
왜냐하면 저희 수사과에서 얼마 전에 금융 사기 집단을 검거를 하였는데요.,1
근데 과거 현장에서 이 대량 제품 통장과 카드를 압수하는 과정에서 복지 명의로 되신 통장 같이 발견되셔 전화드렸습니다.,1
혹시 본인께서는 이 통장 개설에 대해서는 알고 계셨나요?,1
저도 지금 앞으로만 전화를 해서 조사를 하는 거 아니에요 지금 이번 사건만 해도 지금 연루된 인원 수는 가까이 되십니다.,1
수사를 하고 또 다른 피해자보다 앞으로 전화를 해야 되는 상황이기 때문에 잠시만 협조를 해 주시면 되시거든요.,1
일차 공판의 증거자료로 활용이 되는데 주변에 소음이 크게 들리거나 제3자의 목소리가 들리게 되면 처음부터 재녹취 조사를 해야 되니까,1
이 점 주의해서 진술을 해주시면 되고요. 지금 현재 전화받으시는 장소가 어디십니까?,1
이게 경찰 사건이 아니라 저희는 여기 지금 서울중앙지검 첨단범죄 수사과입니다.,1
본인께서 뭐 방문조사를 원하시면 저희가 방문조사를 받게끔 조치를 취해드릴 수 있는 내용인데요.,1
 방문조사 원하시면 저희가 그렇게 해드리고 아니면은 저희가 간단한 녹취 조사로 진행을 하도록 할 텐데요.,1
그래서 뭐 본인 날짜에 맞는 스케줄을 저희가 어떻게 맞춰드릴 수 있는 부분은 좀 힘들 거 같고요.,1
"어느 부분으로 그 녹취에 앞서서 혹시라도 겁이 나서 은폐 또는 은닉을 하실 시에는 형법증거인멸죄,  위증죄,  공무집행방해죄가 추가된다는 점 명시를 해드리고",1
지금부터 녹취 조사 진행을 하도록 하겠습니다.,1
지금 현재 본인 가상의 차명계좌 부분에 대해서 아직 발급이 안 돼 있는 상태입니다.,1
지금 현재 본인께서 소유하신 금액이 대략  넘어가시잖아요?,1
금융감독원에서 원하는 자금 데이터 이동 부분이 있을 겁니다.,1
그 부분에 대해서 본인께서 자금 데이터 이동을 해주셔야 되는 부분이고,1
본인께서 이제 계좌 추적을 받으시고 복구까지 완료하신 걸 확인하신 다음에 본인 피해자 인증 완료를 마치시면 될 것 같습니다.,1
지금 본인 명의의 통장이 어떠한 용도로 사용이 되셨는지 제가 간단히 설명을 드릴 텐데요.,1
이러한 사이트 등에서 고가성의 물건들을 이제 저가에 판매한다고 올려놓고 물건은 안보내고 돈만 편취한 사건입니다.,1
"그러다 보니 피해자분들이 발생을 했고 본인 앞으로 고소, 고발 건이 ",1
이 부분에 대해서 공조하지 않았다는 피해자 입증을 해주셔야 되는 부분입니다.,1
간단한 녹취로 조사가 진행이 될 거고요.,1
 제가 초기에 여쭤봤던 내용들 다시 한 번 본인께서 녹취 전화상에 사실대로만 진술을 해주시면은 되는 부분입니다.,1
본인께서 이번 사건에 명의를 제공하신 건지 명의도용을 당하신 건지 저희가 확인 전화를 드린 거고요.,1
 몇 가지 질문 좀 드리고 사건 내용 말씀을 드리도록 할게요.,1
"최근 지갑이라든지 신분증, 여권, 휴대폰 등 본인 개인 정보 유출될만한 물건들 분실이나 도난당하신 적 있습니까?",1
해외에서 카드를 사용했다거나 아이디를 해킹을 당하신 적은요?,1
아이디 해킹 건으로 전혀 연락받으신 적 없으십니까?,1
지금 본인 명의의 통장이 불법거래에 이용이 된 게 저희 쪽에 압수품으로 좀 확보가 된 상탠데 본인께서 명의를 제공을 하신 건지 명의도용을 당하신 건지 저희가 확인하기 위해서 전화를 드렸습니다.,1
저희가 몇 가지 질문 좀 드리고 이번 사건 내용 말씀을 드리도록 할게요.,1
"최근 지갑이라든지 신분증, 여권, 휴대폰 등 본인 개인 정보 유출될만한 물건들 분실이나 도난당하신 적 있습니까? ",1
아이디를 해킹을 당했거나 해외에서 카드를 사용하신 적은요?,1
따로 연락받으신 적도 전혀 없으셨습니까?,1
중심으로 한 명의도용 및 불법거래 사기단을 검거하는 과정에서 대량의 신용카드와 대포통장을 압수를 했습니다.,1
문제가 되는 게 뭐냐면 이 증거품 속에서 명의로 된 농협과 국민은행 이 두 통장이 압수가 되었고요.,1
통장은 저희가 해당 은행에 대조를 해봤더니,1
통장에 관해서 아시는 내용 있으십니까?,1
혹시라도 금전적인 대가를 받고 통장을 판매를 하셨거나 아니면 제3자에게 양도한 사실이 있으십니까?,1
계좌 추적을 진행한 이유가 뭐냐면,1
"본인 명의로 된 대포통장, 계좌 건을 이용해서 저희가 본인이 김현수 일당과 모종의 거래내역이 있는지 없는지 확인하는 부분도 있지만",1
구체적으로는 본인이 모르는 또 다른 대포통장이 개설이 돼서 사용되고 있을 수 있기 때문에,1
부분이 발견이 되면 사용 못하게 막기 위해서 진행하는 부분도 있습니다. 계좌추적은.,1
그렇기 때문에 본인 진술을 받는 거고 본인이 진술하시는 내용과 금융감독원 조사 내용이 상이하게 다를 경우에는,1
본인 자산에 피해 가지 않도록 진행하는 부분이고요.,1
본인도 피해자 입증을 받기 힘든 점이 있기 때문에 진술하실 때 잘 생각해서 진술 잘 해주시기 바라겠습니다.,1
대해서 여쭤봤냐면은 저희 검찰 측에서 이제 주범으로 인한 금융범죄 사기단을 검거를 했어요.,1
검거하는 현장에서 저희가 대량의 신용카드와 대포통장을 좀 압수를 했는데요.,1
근데 그 압수한 대포통장들 사이에서 통장이 발견이 되어서 연락을 좀 드린 건데 본인께서 이 두 장의 대포통장 관해서 알고 계셨던 내용 있나요?,1
본인 메시지로 내선번호 하나 보내드릴 테니까요. 그 쪽으로 연락을 좀 줘요,1
검거하는 현장에서 저희가 대량의 신용카드와 대포통장을 압수를 했는데 그 압수한 대포통장들 사이에서 통장이 같이 발견이 되어서 이제 연락을 드리게 됐고요.,1
대포통장 관련해가지고 아셨던 사실이 있으세요?,1
조회를 좀 해봤는데 이 통장의 명의가,1
본인께서 개설한 통장은 아니시고요?,1
대포통장들을 직접 개설을 해가지고 뭐 금전적인 대가성이라든지 아니면은 어떠한 대가성을 받으셔가지고,1
"대포통장들을 판매, 양도를 하신 건지 아니시면은 본인의 개인 정보가 외부로 유출이 되면서 대포통장 명의도용 당하신 피해자분이신지",1
검찰들 입장에서는 이제 본인께서 피해자라고 말씀만 하셔가지고 피해자라고 판단을 내릴 수 있는 부분은 아니고요.,1
제가 쉽게 말씀을 좀 정리를 해드리면은 피해자인지 아니면 가해자인지 이것 좀 구분 차 연락을 드린 거예요.,1
피해자분들 이라든지 뭐 가해자분들 이런 식으로  연루가 되다 보니까 그런 분들을 저희가 일일이 다 조사를 하고 있는 부분이에요.,1
아 그 주범만 검거를 했는데요. 그 일당들을 아직 저희가 검거를 못했어요.,1
일당들이 고가의 물건을 좀 저렴하게 판매한다고 해서 매물만 대량으로  등록을 해놓고요.,1
가해자인지 아니면 피해자인지 이것 좀 구분 차 연락을 좀 드렸다고요.,1
 대포통장으로 입금을 유도한 뒤에 물건을 보내지 않고 그 통장에서 자금만 인출한 사롄데요.,1
아무래도 물건을 보내지 않았기 때문에 여러 피해자분들이 발생이 좀 되었고요.,1
피해자도 아니고 가해자도 아닌 조사자 신분으로 이제 연락을 드린 겁니다.,1
"피해자분들이 입금한 계좌 건으로 현재 고소, 고발을 취해놓은 상태",1
피해자분들이 금전적인 피해가 좀 발생이 되었잖아요. 왜냐하면 입금을 했는데 물건을 받지 못했기 때문에,1
한 번도 못 들어 본 사람이에요? 아니면 한번 정도는 들어봤었던 이름인 거 같아요?,1
저희가 체포를 했는데,1
왜냐하면 저희가 최근에 주범으로 하는 금융범죄 사기단들을 7명 검거를 했어요.,1
사람들 검거를 하고 사무실 압수수색을 좀 진행을 했는데 사무실에서 압수된 것들이 ,1
"여 개가 넘는 대포통장들하고 복제된 신용카드, 보안카드, 그 다음에 위조된 신분증 이런 거  같이 압수를 했고 지금 압수된 물품들 분류하는 과정에서",1
명의로 된 계좌를 발견했고요,1
 계좌 저희가 출처를 확인을 하니까 진술에 의하면 몇 번 봐가지고 아시는 분이고 계좌를 돈을 주고 샀다 이렇게 진술을 했기 때문에 전화드린 거예요.,1
범죄자들의 말은 신뢰할 수가 없기 때문에 직접 제가 구두 진술 받을 건데 ,1
지금 메모지 있으면 메모 좀 해주세요. ,1
제가 근무하는 부서는 첨단범죄 수사1부,1
이제 금융기관을 조회를 해보니까 계좌는 맞다고 확인을 받았어요,1
근데 이제 만들어진 게 거주하신 데하고 좀 멀리 떨어진 곳에서 계좌개설이 됐기 때문에,1
얘를 몇 번 봤다고 해서 저희가 여쭤보는 거예요.,1
그대로만 진술해주시면 되고 또한 제가 전반적인 과정을 녹취로 진행하고 있습니다.,1
녹취파일은 다 명의도용 당하신 명의도용 피해자가 맞다 하면 저희가 법원에 제출해가지고 본인 무혐의 녹취파일은 다 명의도용 당하신 명의도용 피해자가 맞다 하면 저희가 법원에 제출해가지고 본인 무혐의 처분 받으시는 중요한 증거자료로 활용을 할 거예요.,1
"녹취의사 진행과정에서는 제3자의 목소리라든지 기계음, 소음 이런 것을 같이 녹음이 되게 되면 증거자료로 채택이 되지 않기 때문에 ",1
"제3자의 목소리라든지 기계음, 소음 이런 것도 안 들어가게 잠시 녹취 조사 지금 가능하시죠?",1
"녹취 조사 진행과정에서는 본인 개인정보 보호법에 따라서 저희 검찰에서는 본인의 개인정보에 해당되는 주민등록번호 뒷자리라든지 계좌번호, 비밀번호는 묻지도 않고 본인도 진술하실 필요가 없습니다.",1
녹음이 되게 되면 녹취파일을 사용할 수 없기 때문에 본인이 유의해주시고 잘 알겠지만 은행 계좌라는 건 본인이 신분증 가지고 방문하셔야지만 계좌개설이 돼요.,1
최근에 전혀 방문하신 적도 없다고 진술하셨음에도 불구하고 본인의 계좌는 버젓이 만들어져서 범죄에 이용되고 있었는데 ,1
다른 명의도용 피해자들처럼 개인정보 유출된 걸 가지고 이 김명철이가 위조된 신분증을 제작을 해서 대포통장 만들어 놓고 저희한테 거짓 진술하고 있다 이렇게 판단이 되는데,1
신분증이라든지 신분증명이 될만한 거 분실하거나 도난당한 사실이 있어요?,1
사용하고 계시는 이메일 계정이라든지 페이스북을 사용하고 계시면 페이스북 계정이 해킹을 당했다거나 해외 접속 사실 최근  통보받아보신 거 있어요?,1
"본인의 신분증 휴대폰으로 사진 찍어가지고 제3자에게 전송을 하셨다거나 팩스, 이메일을 통해서 신분증 누구한테 보내준 사실이 단 한차례라도 있습니까?",1
최초에 회원가입할 때 주민등록번호 뒷자리가 기재해서 회원 가입했기 때문에 여쭤보는 거예요.,1
이용하시면서 본인 혹시 개인정보가 유출됐다고 별도로 통보받아보신 거 기억나는 게 혹시라도 있습니까?,1
 사기를 쳤는데 본인 전혀 모르고 계셨던 게 맞아요?,1
본인 사용하시는 아이디는 맞지만 이걸 누구한테 전달해 주었거나 이런 게 전혀 없다는 얘기죠?,1
한 번 정도는 들어봤었던 이름이에요? 전혀 못 들어본 이름이에요?,1
다른 게 아니라 관련된 사건 때문에 몇 가지 확인차 전화를 좀 드린 건데 잠깐 통화 좀 괜찮으십니까?,1
이번 사건의 주범이자 이제 전문적인 금융 브루커예요.,1
중앙지검 관할에서 금융사기 사건의 현재 검거되었습니다.,1
서울중앙지방검찰청 첨단범죄수사 1부 1팀의 수사관입니다,1
지금 보니까 연루된 사건이 접수가 돼요. 몇 가지 확인차 연락했는데 잠시 통화 가능하시겠습니까?,1
아시는 분이면 어떤 관계 어떤 사이십니까? ,1
검거될 당시에 현장에서 여러 사람의 카드나 신분증 통장 등을 대량으로 많은 양을 납품했는데 중요한 것은 압수된 물품들 중에 본인 명의 돼 있는 통장이 포함되어 있었어요,1
통장에 관해서 확인을 하기 위해서 연락드린 거예요 어떻게 된 사실이에요?,1
거래 내역을 조회 확인해 보니 이미 범죄자들이 범행에 사용을 했더라고요.,1
불법 통장을 본인이 직접 개설해서 이게 범죄자들한테 제공을 했는지 즉 돈을 받고 판매가 양도 등을 직접 했는지 아니면 본인도 모르는 사이에 개인 정보가 유출되어 명의가 도용된 경우인지 현재 조사를 하는 과정이에요.,1
본인은 이 두 통장에 관해서 전혀 모르는 사실이에요.,1
본인이 이 통장에 관해서 전혀 모른다고 하시니까 본인도 현재 명의가 도용된 경우라고 주장을 하시는 것 같은데 지금 이제 지금 잠시만요.,1
서울중앙지방검찰청 첨단범죄수사 1부 1팀의 수사관입니다,1
업무가 바빠서 수사관님 연결해드릴테니까 계속 수사 협조 부탁드릴게요,1
오늘 어떤 일에 종사 중이세요?,1
분실 신고 안 한 상태죠,1
신분증 최근에 분실하신 적 있어요?,1
검찰청에서 왔는지 안 왔는지 본인이 어떻게 알아요?,1
본인이 생각하실 때 개인 정보가 유출될 만한 특별한 계기나 개인 정보가 유출되었을 걸로 의심이 가고 된 거 있습니까?,1
민원인 사용한 번호이기 때문에 그 사무실 전화번호 연락되면 사무실 전화번호 검색을 하면 나오지가 않아요.,1
본인의 개인 정보가 유출되었다고 어떤 업체에서 직접적인 문자나 이메일 등으로 통보 고시받은 적 있습니다.,1
제가 사무실 직통 전화번호 알려드리는데 빨리 전화를 해서 제가 직접 받으면 그 부분도 의심 가는 거예요.,1
이번 사건의 주범이자 이제 전문적인 금융 브로커예요.,1
대표번호를 사무실에 직원이 한두 사람이에요. ,1
검거될 당시에 현장에서 여러 사람이 카드나 신분증 통장 등을 대량으로 많은 양을 압수를 했는데 중요한 것은 압수된 물품들 중에 본인 명의 물품이 있었어요,1
중앙지검 관할에서 금융사 위 사건 등을 운영 현지에 근거가 되었습니다.,1
대표번호는 수사를 하기 위해서 사용할 수 없어요.,1
불법 통장을 직접 개설해서 범죄자한테 제공을 했는지 아니면 본인한테 이제 본인도 모르는 사이에 개인 정보가 유출되어 범죄자한테 악용되어 명의가 도용된 경우인지 조사를 하는 과정이에요.,1
일단 정확히 저희 검찰에서 연락드린 요점은 본인이 금전적인 대가성을 받고 일당들에게 통장을 판매한 가해자이신지 그게 아니시면 개인정보 유출로 명의도용을 당하신 피해자분이신지 그 진위 여부를 파악하고자 연락을 드린 겁니다.,1
압수 물품에 포함되어 있었고 그리고 압수된 통장들의 거래 내역을 조회 확인하니까 이미 범죄자들이 범행에 사용을 했더라고.,1
먼저 본인의 통장이 불법적으로 사용이 되었기 때문에 사건 경위에 대해서 간략하게 설명 좀 해드릴게요.,1
본인은 제3자에게 통장 개설을 해서 양도나 혹은 판매하신 적이 없다 그 말씀이신 거죠?,1
 금융감독원 측에서 저희 쪽으로 전달해온 게 지점을 통해서 개설이 되었다고 확인이 됩니다.,1
"물건을 받지 않는 피해자분들이 발생이 되었고, ",1
"앞으로 고소, 고발 조치가 취해진 상태이고 피해 금액이 형성되었습니다.",1
지금까지 발생된 피해 금액은 대략적으로,1
일당들이 고가의 물건을 저가에 판매한다는 명목하에 등록된 통장을 사용하여 입금을 유도한 뒤 자금만 인출하고 현재 도주 잠적한 상태입니다.,1
녹취를 진행하는 이유는 직접 재판장에 출석하실 건 아니시고 일단 본인을 대신해 피해자 입증을 도와줄 증거자료로 만드는 겁니다.,1
추가적인 조사를 위해서 현시점부터 조사 과정은 녹취 상태로 진행할 겁니다.,1
녹취되기 전에 제3자의 육성이나 기타 소음이 유입될 시 본인 증거자료의 조작 가능성이 있다,1
아시는거에서만 솔직하게 답변만 해주시면 되겠습니다. 아시겠죠?,1
원래 본 사건은 본인뿐만이 아니고 연루가 되어있는 금융사기 사건입니다,1
가해자보다 피해자가 많기 때문에 혐의점이 없는 분들 한해서 약식 조사를 실시하고 있는 거고요.,1
그리고 이 번호로 녹취 상태로도 진행을 해야 되기 때문이죠.,1
필두로 인한 금융범죄사기단을 검거한 상태인데 근데 이 검거 현장에서 대량의 신용카드와 대포통장을 압수를 하던 과정에서 명의로 된 통장이 발견되어 조사차 연락을 드린 겁니다,1
"일단 그래서 금일 안으로 피해자 입증만 받게 되시면 이 고소, 고발조치나 피해 금액은 전부 취하 처리가 될 수 있으니까 너무 걱정 마시고 아시는 내용 그대로 말씀만 해주시면 됩니다.",1
뭐 공무원 쪽에서 이렇게 근무를 하고 계시는 거 같은데 저희가 뭐 직장 때문에 저희가 약식 조사를 실시하고 있는 겁니다.,1
가해자보다 피해자가 많기 때문에 1차 피해 혐의점이 없는 분들 한해서 약식 조사를 실시하고 있는데 뭐 또 궁금하신 거 있으세요?,1
정도가 연루되어 있는 금융사기 사건입니다.,1
직접적으로 오신다고요? 서울중앙 지방검찰청으로 오셔야 됩니다.,1
유선상 약식 조사를 원치 않으시면 금일 안으로 본청에 방문하셔야 되는 거에요.,1
서울중앙지검 수사관입니다.,1
본인과 연루된 개인정보 유출 건 때문에 몇 가지 확인차 연락을 드렸습니다.,1
필두로 인한 금융범죄사기단을 검거한 상태인데 근데 이 검거 현장에서 대량의 신용카드와 대포통장을 압수를 하던 과정에서 통장이 발견되어서 조사차 연락을 드린 겁니다.,1
이 통장 개설 건에 대해서 뭐 알고 계신 내용이 있으십니까?,1
일단 정확히 연락하는 요점은 본인이 금전적인 대가성을 받고 일당들에게 통장을 판매한 가해자이신지 아니시면 개인정보 유출로 인한 명의도용을 당하신 피해자분이신지 그 진위 여부를 파악하고자 연락을 드린 겁니다.,1
고가의 물건을 저가에 판매한다는 명목하에 명의로 된 통장을 사용하여 입금을 유도한 뒤 자금만 인출하고 현재 도주 잠적한 상태입니다.,1
"따라서 물건을 받지 못한 피해자분들이 발생이 되었고 그 피해자분들이 현재 본인 앞으로 고소, 고발 조치가 취해진 상태이고 피해 금액이 형성되었습니다.",1
 전국적으로 피해자가 많기 때문에 한 분 한 분 조사를 못하고 있는 실정이고요.,1
저희가 몇 가지 여쭤보기 전에 저희가 상당히 전국적으로 피해자가 많기 때문에 서울중앙지검입니다.,1
본인 앞으로 발생한 명의도용 사건 때문에 연락 드렸습니다.,1
사법기관에서는 인가한 법원 녹취폰으로 조사를 하고 있는 부분 양해를 해주시기 바랍니다.,1
첨단범죄 수사1부입니다.,1
녹취록 같은 경우에는 증거물로 채택이 되기 때문에 제3자 목소리나 기타 잡음이 섞이시면 채택이 되지 않으실 수도 있습니다.,1
피해자 입증이 어려우실수도 있고요. 피해자 입증이 안되시면 불이익을 당하실 수도 있습니다.,1
알고 계시고요. 제가 사건 경위를 안내해드리기 전에 한 가지 여쭤보겠습니다.,1
녹취록 같은 경우에 제가 설명했지만 증거물로 채택이 되기 때문에 기타 잡음이 섞이시면 채택이 안되실 수도 있어요.,1
 저희 수사과에서 금융사기 범죄단을 검거하였고 주범이,1
"조직원들 중에는 휴대폰 판매업자, 대포통장 관리책, 금융사 직원 등이 포함되어 있습니다.",1
"검거 당시 다량의 위조된 신분증, 대포통장, 뭐 그와 관련된 OTP, 보안카드 대포폰 등을 압수를 하였습니다.",1
"공모자들을 검거를 했고, 검거 현장에서 대량의 대포통장, 뭐 그리고 복제된 신용카드, OTP, 보안카드, 이런 부분들이 압수가 되었습니다.",1
압수하는 과정에서 중요한 것은 본인 명의의 농협과 하나은행 통장이 발견이 되었고,1
통화하시기가 불편하신 것 같은데 일단 자택으로 공소장 발송해 드릴 테니까 받아보시고,1
검찰에서 뭐 본인 연루된 사건 관련해서 피해자인지 공모자인지 확인을 하기 위해 전화를 한 부분이지,1
"제가 여쭤보는 이유는 저희 검찰에서 이번에 공모자들을 검거를 했고, 검거 현장에서 대량의 대포통장과 복제된 신용카드 등을 압수하는 과정에서 중요한 것은",1
제가 사건 경위에 대해서 안내를 해드리기 전에 뭐 한가지 질문을 좀 하겠습니다.,1
본인 명의의 통장이 발견이 되어서 저희가 확인을 하고자 연락을 드린 겁니다.,1
저희가 개설 일자를 한 번 설명을 해 드릴 텐데 아시는 내용이 있으시면 아신다고 솔직히 좀 답변해주시기 바랍니다.,1
왜냐하면 검거 당시에 저희가 검거하지 못한 공범들도 있습니다. 현재.,1
명 이상의 피해자가 발생을 했고 뭐 소환 조사로 마땅히 본인 피해자 입증을 하셔야 되는 부분인데,1
본인과 같이 혐의점이 다소 미미한 분들에 대해서는 대법원에서 인가한 법원 녹취폰을 이용해서 저희가 조사를 진행하고 있으니까 협조를 좀 해주시기 바랍니다.,1
자 이 부분은 어떤 부분이냐 하면 본인이 만약에 피해자라 시면 피해자 입증을 잘 해주셔도,1
 일단은 녹취 조사를 진행하시게 되면 다소 시간이 걸릴 수도 있어요.,1
"1차적으로는 수사관인 저와 진행을 하시고, 2차적으로는 담당 검사님과 하셔야 되는 부분이에요.",1
왜냐하면 지금 전혀 모르고 계시고 피해자라고 말씀하시는 부분 아닙니까.,1
피해자 입증을 해주셔야 되요.,1
그니까 제가 차차 설명을 해 드릴 거예요. 사건경위에 대해서.,1
그러니까 어떠한 부분에서 피해를 보고 계시는지 그 부분을 알고 계셔야 피해자 입증을 하실 거 아닙니까.,1
. 그러니까 뭐 녹취 조사 같은 경우에는 녹취록의 경우에는 법원에 제출하는 증거물로 채택이 됩니다.,1
기타 소음이 섞이게 되면 증거물로 채택이 되지 않을 수도 있습니다. ,1
조금 알고 계시고 일단은 본인 의사가 중요한데 녹취 조사야 뭐 동의를 하시는 겁니까?,1
동의를 하시면 제가 진행을 해 드리고 아니면 저희 쪽으로 3회 이상 걸쳐서 출석을 해주셔야 되고 저희가 강압수사를 할 수는 없으니까 무엇보다 본인 의사가 중요하지 않겠습니까.,1
본인 앞으로 발생한 사건 조사 중에 저희가 몇 가지 확인을 하고자 연락을 드린 거고요. 명의도용 사건입니다.,1
저희가 몇 가지 확인을 해야 되는 부분이 있어서 연락을 드린 건데 통화 좀 가능하신 겁니까?,1
. 수고하십니다. 여기 서울중앙지검이고요.,1
서울중앙지검입니다. 메모 좀 해 주시고요.,1
 메모를 해두시면 됩니다. 그럼 본인확인부터 다시 하겠습니다.,1
서울중앙지검 첨단범죄수사 1팀,1
본인 명의의 통장이 저희가 범죄현장에서  대포통장으로 압수가 됐기 때문에 저희가 규정상 동결 처리했습니다.,1
혹시 동결 처리가 무엇인지 알고 있습니까?,1
"간단하게 설명드리자면 지급정지, 더 이상 금융거래가 되지 않도록 금감원으로부터 지급정지를 해놨다는 말씀이십니다.",1
본인께서 직접 개설을 하시고 사용하고 계시는 금융권 있으시면 저한테 그 은행권 이름만 말씀해주세요.,1
이 부분에 대해서는 본인께서 진술해주셔야 만이 본인 피해자 입증이 완료가 되는 겁니다. 이해되시죠?,1
명의로 된 통장이 발견되었습니다.,1
"검거하는 현장에서 대량의 신용카드와 대포통장, 그리고 보안카드 등 압수가 되었는데",1
최근 사이에 개인정보가 유출될만한 물건들을 분실하셨거나 잃어버린 적은 있습니까?,1
검찰에서 연락드린 원인은 본인께서 이 두개의 통장을 직접 개설하셔서 일당들한테 금전적인 대가를 받으시고 양도를 하신 건지 아니면 개인정보 유출로 인해서 명의도용을 당하신 피해자 신분이신지 확인차 연락을 드렸고요. ,1
본인뿐만 연루가 돼있는 사건이 아니라 저희가 조사를 해 보는 중에 ,1
"명 가까이 연루가 된 사건이신데 어떤 분들은 직접 자기 이름으로 통장을 개설하셔서 문희경 일당들한테 금전적인 대가를 받고 양도,판매한 사실도 있었고요",1
대부분 이번 사건에 1차 혐의가 있는 분들은 저희가 지금 구속영장 발부해서 구속 중에 있고요. 구속수사를 하고 있습니다.개인정보 유출로 인해서 명의도용을 당한 피해자들도 많이 계십니다.,1
통장이 개설만 되었으면 저희가 따로 연락을 드리지 않았는데 통장 개설로 인해서 이제 피해자가 발생했기 때문에 본인께서 양도한 게 아니시라면 간단한 피해자 입증 조사를 받아주셔야 됩니다.,1
본인 같은 경우 저희가 전반적인 조사에서 대포통장 사건에 대해서 아무런 동일 전과도 없으시고 일차 혐의가 없기 때문에 저희가 유선상으로 연락을 드린 겁니다. 이해되시죠?,1
통장들이 저희가 조회를 해 본 경로가 ,1
본인 명의로 개설된 통장이 대포통장으로 압수되었습니다.,1
아니면 개인정보 유출사건 때문에 명의도용을 당하신 피해자 신분이신지 그래서 이제 확인차 연락을 드렸고요.,1
저희 검찰에서 연락을 드린 원인은  통장을 직접 개설을 하셔서 양도를 하신 건지,1
"놓고 조사를 하는 중에 어떤 분들은 직접 자기 이름으로 차명계좌를 개설을 하셔서 양도, 판매한 사실도 있었고요.",1
 어떤 분들은 즉 개인정보 유출되어서 명의도용을 당한 피해자들도 많이 계시는데요.,1
지금 명의도용을 당한 피해자로 보시는데,1
아직까지 저희 검찰 쪽에 본인 피해자인지 가해자인지 명백한 증거가 없다 보니 이렇게 전화상에 연락을 드린 겁니다.,1
수고하십니다. 서울중앙지검 수사관입니다.,1
. 왜냐하면 저희 검찰청에서 얼마 전에 일당을 검거했는데요,1
다름이 아니고 개인정보유출 사건 때문에 본인 앞으로 몇 가지 확인차 연락을 드린거고요.,1
"그 검거 당시 용의자들 소지품에서 대량의 신용카드와 대포통장, 그리고 보안카드가 압수가 되었는데 ",1
압수 물품 중에 명의로 된 통장도 같이 발견이 되어서 연락드렸습니다.,1
최근 개인정보가 유출이 될만한 물건을 분실하셨거나 잃어버린 적은 있습니까?,1
"금전적인 대가를 받고 양도, 판매한 가해자 신분이신지 아니면 개인정보 유출로 인해서 명의도용을 당하신 피해자 신분이신지 확인차 연락드렸습니다.",1
제가 지금부터 사건에 대해서 말씀드릴 건데 오늘 저희 검찰 조사에 연락드린 원인은,1
혹시나 해서 그 해당 금융감독원에 공문을 요청해서 대조를 해 본 결과 확실히 명의로 확인돼서 연락드렸습니다.,1
검찰에서 연락을 드린 원인은 본인께서 이 두 개의 통장을 직접 개설하시고,1
"일당들한테 금전적인 대가를 받고 양도, 판매한 가해자인지 아니면 본인 개인정보 유출로 인해서 명의도용을 당하신 피해자 신분이신지 그 점을 확인차 연락드렸습니다.",1
연루가 돼있는 사건이신데,1
"조사를 하는 중에 어떤 분들은 직접 통장을 양도, 판매한 사실이 있었기 때문에 ",1
간단한 피해자 입증조사를 안 하시면 ,1
"본인께서 양도, 판매한게 아니라면 간단한 피해자 입증조사를 받으셔야 됩니다.",1
사이트를 통해서 사기범죄가 이루어 졌습니다.,1
일당들이 고가의 물품들을 등록하고 싸게 판다는 명목하에 계좌 건을 사용해서 소비자 분들에게 물건을 보내지 않고 중간에 자금만 가로챈 사건의 내용입니다.,1
이 부분에 대해서 이제 피해자분들이 많이 속출이 되었는데 이 피해자분들 같은 경우에는 명의로 된 계좌 건으로 송금을 했지만 물건을 받지 못하였기 때문에,1
"본인 앞으로도 이제 신고접수 건과 동시에 고소, 고발을 취할 수밖에 없는 상황이었습니다.",1
진술하신 내용들은 일당들도 전혀 모르신다,1
 통장 건에 대해서는 직접적으로 개설하신 사실조차도 없다고 말씀하셨는데 진술하신 내용들 다 사실이 맞습니까?,1
희 검찰 측에서 김형석 관련해서 이렇게 재차 여쭤보는 이유는 저희 검찰이 얼마 전에 필두로 금융범죄사기단을 검거했습니다.,1
이들을 검거하던 불법 현장에서 대량의 신용카드와 대포통장들을 압수하는 과정에서 명의로 된 두 종의 통장도 같이 발견이 되었는데 이 통장 건에 대해서 본인께서 아셨던 내용이 있으십니까?,1
 일단 저희가 발견된 통장 같은 경우에는 해당 은행 측과 대조를 해봤습니다. ,1
대조 결과 명의로 된 통장임이 확인이 되었고,1
통장이 같이 개설이 된 걸로 확인되는데 직접 내방하시고 개설하신 사실이 있으십니까,1
최근 개인 정보가 유출될만한 물품들 있으실 겁니다.,1
" 휴대폰이나 지갑, 여권, 신분증, 이런 부분에 대해서 분실이나 도난당한 적은 있습니까?",1
해당되는 사례가 전혀 없다는 말씀이신 거죠?,1
일당들에게 금전적인 대가성을 받고 통장을 판매 및 양도하신 사실이 있으신 건지,1
인터넷 사이트들을 이용하시면서 본인 아이디가 해킹을 당하셨거나 비밀번호가 변경되셨거나 해외 IP로 로그인 접속 시도가 있었습니까?,1
이 부분에 대해서도 제가 말씀드릴 건데 이 통장을 이제 사기 범죄가 이루어졌기 때문에 저희 검찰 측에서 이제 발견하는 즉시 동결 처리 및 국고로 환수조치를 취한 상태인데,1
아니시면 본인 개인 정보가 유출이 되어서 명의도용을 당한 피해자분이신 건지 이러한 부분들 저희 검찰 측에서 확인하고자 연락을 드렸습니다.,1
은행권을 직접 방문하시지 않고서야 어떻게 통장이 개설이 됐냐 이런 부분에 대해서 이제 의문점을 많이 가지시는 분들이 있으신데,1
검찰청에서 일당들을 검거했다고 말씀드렸습니다.,1
일당들을 검거하고 조사해본 결과 주범 자체도 역임을 했던 금융권 종사자였고,1
"다른 공모자들 또한 은행권 직원이나 카드사, 증권사나 보험사까지 금융기관 쪽으로 연루가 될 수 있는 직원들은 다 연루가 되셨다고 보시면 되시는데",1
아무래도 이번 사건 자체에서 은행권 직원들이 많이 연루가 되셨다 보니,1
본인 개인 신상정보만으로 이제 손쉽게 통장을 개설할 수가 있었던 부분이고,1
통장을 개설할 때는 일반 입출금 계좌가 아닌 사업자등록증을 위조하고 법인계좌로 개설이 된 계좌 건이였기 때문에,1
인터넷 뱅킹 상이나 이제 모바일뱅킹 상으로 확인이 불가능하셔서 이렇게 지속적으로 피해자분들이 많이 발생이 되고 있는 지능범죄 사기 사건이라고 보시면 되시는데,1
본인과 연루된 명의도용사건 때문에 몇 가지 확인차 연락 좀 드렸습니다.,1
 몇 가지 여쭤볼 사항 때문에 연락 좀 취해드린 건데 잠시 통화 괜찮으시죠?,1
본인 확인부터 먼저 좀 하고 몇 가지 여쭤보겠습니다. ,1
저희 검찰 측에서 재차 여쭤보는 이유는 검찰이 얼마 전에 필두로 인한 금융범죄사기단을 검거했습니다.,1
서울중앙지검에서 연락을 드렸습니다.,1
이들을 검거하는 불법 현장에서 대량의 신용카드와 대포통장들을 압수하는 과정에서 명의로 된 두 장의 통장도 같이 발견이 되었는데 ,1
명의로 된 통장임이 확인이 되었고,1
직접 내방하셔서 통장을 개설하신 사실이 있으십니까,1
명의로 된 통장임이 이제 저희가 확인이 되었다고 말씀드렸는데,1
최근 본인 개인정보가 담긴 물품을 분실하시거나 도난당하신 적 있으십니까,1
" 뭐 예를 들면 휴대폰이나 지갑, 여권, 신분증, 이러한 부분에 대해서 분실이나 도난당한 적은 있습니까?",1
 전혀 분실했던 적도 없으시고요?,1
저희가 혹시나 해서 해당 금융감독원과 대조해 본 결과로는 확실히 본인명의로 확인되었고요.,1
"이번 사건에는 본인뿐만 아니라 연루돼있는 수만도 수백명이나 되는데 그중 일부분은 돈을 받고 양도,판매한 사실이었고요.",1
개인 정보가 유출될만한 물건들을 분실하셨다거나 남에게 양도한 사실이 있습니까?,1
통장 대포통장으로 발견이 되어서 연락드렸습니다.,1
통장들을 보관하셨거나 사용하시는 금융권이십니까?,1
저희 검찰청에서 본인 앞으로 연락드린 원인은 본인께서 이 두 통장을 직접 개설하시고 금전적인 대가를 받고 양도를 하신건지 아니시면 명의가 도용당한 피해자 신분이신지 그 부분에 대해서 확인차 연락드렸습니다.,1
"은행 직원이었기 때문에 카드사, 통신사, 은행사 다 열람이 되어있는 분이시거든요.",1
일단 제가 지금부터 녹취 질문을 드릴 건데 본인께서 제가 묻는 질문에 아시는 내용이 있으시면 있다 없으시면 없다 간단하게,1
저는 서울중앙지검 첨단범죄 수사1팀이고요,1
수사관,1
통장들을 발급받은 사실이 있습니까?,1
본인 명의의 통장이 대포통장으로 개설되어 범죄에 사용된 사실을 알고 계셨습니까?,1
현재 발견된 두 통장은 대포통장이기 때문에 본인 의사와 상관없이 동결 처리했고요.,1
동결 처리한 것은 더 이상 은행거래를 못하도록 지급정지를 시켜놨습니다.,1
현재 본인 의사부분에 관한 것은 금융감독원에서 확인되고 있는 본인 금융권과 본인이 알고계시는 금융권이 일치하는지에 대해서 1:1 대비 조사 예정인데 이 부분은 본인 진술이 필요하시고요.,1
왜냐하면 본인께서 정상적으로 사용하시는 금융권 외에 본인이 모르는 통장이나 카드가 발견이 된다면 저희가 아직 검거하지 못한 이현주 일당들이 추가적으로 사용할 수 있는 불법통장인 줄 알고 바로 지급정지를 시키겠습니다.,1
저희 수사과에서 금융사기단이 검거가 되었는데 이들 검거현장에서 대량의 대포통장과 신용카드가 압수가 되었습니다.,1
 중요한건 이 압수물품 중에 본인 명의로 되신 통장이 같이 발견되었고요. ,1
본인 혹시 이 통장 개설 건에 대해서는 알고 계셨습니까?,1
"최근 지갑, 신분증, 개인 정보가 유출될만한 물건들을 분실하셨다거나 남에게 양도한 사실이 있습니까?",1
 전혀 분실하신적도 없으시고 전혀 들어보신 적도 없으시다는 거죠?,1
이번 사건에는 본인뿐만 아니라 연루돼있는 수만도 수백명이나 되시는데 그중 일부분은 돈을 받고 통장을 양도 판매한 사실이 있었고요.,1
검찰청에서 본인 앞으로 연락드린 원인은 본인께서 이 통장을 직접 개설하시고 금전적인 대가를 받고 양도를 하신건지 아니시면 명의가 도용당한 피해자 신분이신지 그 부분에 대해서 확인 차 연락드렸습니다.,1
그렇다고 해서 저희가 무조건 본인을 가해자라고 몰고 가는 게 아니라 어느 정도만큼 피해자라 보시는데 확실히 피해자로 증명할만한 증거자료가 없기 때문에 ,1
범죄현장에서 본인명의로 되신 통장이 발견되셨기 때문에 본인께서 양도한 게 아니시라면 간단한 피해자 입증조사를 받으셔야 되십니다.,1
조사과정은 전반적인 녹취상태로 진행될 꺼고요. 본인께서 제가 묻는 질문에 아시는 내용이 있으시면 있다 없으시면 없다 간단하게 답변 부탁드리겠습니다.,1
그리고 이게 유선상 녹취다 보니까 본인 개인정보는 절대로 발설하시면 안되십니다.,1
그러시면 메모는 가능하십니까?,1
일단 제가 제 소속이랑 성함 불러드릴겁니다. 메모 준비되시면 말씀해 주세요.,1
소속 말씀드려 볼 거니까 이제 메모 좀 해주세요.,1
저는 서울중앙지검,1
지능범죄 수사1팀,1
그렇게 추정이 되신 거죠. ,1
본인께서 개설하신 게 아니시라면 대포통장인거고 이게 통장 간에서 지금 불법적인 용도로 악용이 됐기 때문에 저희도 수사를 시작하는 거거든요.,1
그거는 이제 말씀드릴 거는 본인께서 검색 하시게 되면 일반 통장이 나올 거 아닙니까?,1
압수품목이라는 그런 부분은 잘 알고계시죠? 어떤 부분인지? 그러니까 본인께서 당연히 조회를 해도 안 나왔던 부분이고,1
이번 사건 자체가 일반인뿐만 아니라 은행권 직원들이 굉장히 많이 연루가 돼있는 부분입니다.,1
불법적인 두 통장은 사업자 판매등록을 냈던 통장이다 보니까 당연히 조회상에는 안 나오는 부분이고 저희가 압수 현장에서 나왔던 통장 자체는 일시적으로 전부 다 동결처리가 진행이 돼있는 부분입니다.,1
통장 개설에 관해서는 아무래도 손쉽게 개설이 됐던 부분에 대해서 확인이 가능했던 부분이고,1
사건 담당중인 검사님 측으로 바로 내선연결 도와드릴게요,1
제가 말씀드렸던 사건번호 메모 하셨죠?,1
사건번호 검사님 측으로 기재하시고 이제 2차적인 피해 사례라던지 어떤 식으로 유출이 됐다든지 이 부분에 대해서는 더 자세하게 설명을 드릴 겁니다.,1
그럼 본인께서 이제 본인 앞으로 나와 있는 공문서를 열람하시고 피해자 입증 조사 받으시면 되시거든요?,1
"그 오늘 안으로 피해자 판독 내려지시고, 이제 정상적으로 금융권 이용하시면 되십니다. ",1
궁금하신 거 있으시면 검사님 측에 여쭤봐주시고요.,1
불법사이트 운영 혐의로 저희 측에 검거가 된 용의자거든요.,1
사건 경위에 대해서 말씀을 좀 드릴게요.,1
전에 본인께서 뭐 개설을 하신적은 없으셨어요?,1
"검거 과정에서 대량의 대포통장, 보안카드, 신용카드 이 부분에 대해서 저희가 압수를 했는데 압수 품목 중에 통장이 같이 발견이 된 상태거든요.",1
일단은 그 불법적인 도구의 통장이 발견이 됐는데 저희가 조회상에 이게 불법적인 용도로 악용이 됐기 때문에 이렇게 연락을 드린 거고요.,1
그러니까 사건경위 마저 들어보세요,1
불법적인 도구의 통장 저희가 금융감독원 측에 조달을 했습니다.,1
본인께서 직접적으로 그 날짜에 맞춰서 통장 개설하신 건 전혀 없으셨습니까?,1
혹시 연고지는 있으세요?,1
이번 사건 자체가 지금 전국구 사건이거든요? 이게 작은 사건이 아니에요.,1
아직까지 검거가 안 된 공모자들이 굉장히 많거든요?,1
본인께서 혹시 일정한 대가성을 받고 통장을 판매하시거나 양도를 하신 가해자 분이신지 그게 아니시라면 명의 도용을 당하신 피해자 분이신지 이제 그 부분에 대해서 확인조사차 연락을 드린거거든요.,1
 궁금하신 거 같으신데 아직까지 본인께서는 피해자 추정만 되신 거지 입증이 안되신 상태거든요,1
그래서 피해자 입증절차를 받으시면서 저희가 그 부분에 대해선 다 조회를 해드릴 겁니다.,1
나중에라도 혹시 문제 생기는 부분 있으시면은 피해자 판정이 내려지시면은 이제 저희가 법적인 테두리 안에서 보호를 해드릴 수가 있거든요?,1
당연히 그 부분에 대해서는 자금 은닉이라든지 이제 도주의 위험성이 생길수가 있는 부분이니까 연락이 안가실수도 있는 부분인데,1
궁금하신 건 당연한 거지만 저희가 말씀드릴 부분은 이제 먼저 말씀을 드렸습니다.,1
본인께서 수사 자체는 이렇게 받으시거나 내방을 하셔서 받으시거나 받아주셔야 되시거든요?,1
"차후에 검사님 측으로 내선연결 도와드려서 본인 앞으로 나와 있는 공문서류, 2차적인 피해사례 이 부분에 대해서는 전부 다 확인을 시켜드릴 겁니다. 육안으로 직접 확인을 할거고요.",1
그러니까 저희가 계좌번호 부분에 대해서도 절대적으로 언급을 안 할 겁니다. 필요한 서류에 대해서만 질문을 드릴 거고요.,1
아무리 공공기관이라도 이 부분에 대해서는 질문을 안 드립니다.,1
인중개사를 운영했었는데 실질적으로는 불법사이트에 도박혐의로 저희 쪽에 검거가 된 용의자거든요.,1
검거 과정에서 통장이 같이 발견이 돼 이렇게 연락을 드린 거고요.,1
녹취 수사는 왜 하냐면은 본인 직접적인 증거물 채택하기 위해서 녹취수사를 진행하는 겁니다. 피해자 입증 완료를 해드리기 위해서,1
불법적인 도구의 통장 개설된 걸로 확인이 되었습니다. 본인께서 정확히 직접적으로 개설하신 건 아니신 거죠,1
녹취수사 앞전에 간략히 몇 가지 요점만 말씀드릴게요.,1
녹취본 같은 것도 저희가 따로 앞전에 말씀드렸다시피 직접적인 본인 증거물로 법원에 제출을 해드릴 겁니다.,1
피해자 판독이 내려지시는 부분이고요. 제3자 육성이라든지 잡음이 같이 녹음되면 안 되거든요? ,1
수고하십니다. 여기 서울중앙지검이고요. 저는 첨단범죄 수사1부에서 근무하고 있는 수사관입니다,1
본인하고 연루된 명의도용 사건 있어서 확인차 전화 연락을 좀 드렸는데 본인께서 통화 가능하신가요?,1
"최근 3년 이내에 개인정보가 유출되실만한 뭐 신분증, 여권, 지갑, 휴대폰, 이러한 것들 분실하셨다거나 도난당하신 적 있나요?",1
어떤 거 분실하시거나 도난당하셨죠?,1
어느 쪽에서 개인정보 유출을 연락을 받으신거죠?,1
서울중앙지검 첨단범죄 수사1부입니다.,1
"최근 사이에 지갑이라던지 신분증, 여권, 휴대폰, 체크카드, 신용카드 이러한 개인정보가 유출될 만한 물건들을 도난당하셨다거나 분실하셨다거나 하신 적 있나요?",1
"메일이라던지 사용하시는 이메일, 또는 SNS 이러한 것들이 해킹을 당하셨다거나 제3자가 해외에서 로그인을 시도했다거나 뭐 그러신 적 있나요?",1
"중심으로 한 명의도용 및 불법거래 사기단을 검거하는 과정에서 대량의 신용카드들과 대포통장, 보안카드, 휴대폰 등을 증거품으로 압수를 했어요.",1
증거품을 압수하는 과정에서 다른게 아니고,1
본인 명의로 된 통장이 압수가 되어서 연락을 드렸는데,1
통장 저희가 해당 기관에 대조를 해 본 결과 본인 명의로 개설된 통장임을 확인했어요,1
통장에 관해 아시는 내용 없으셨나요,1
이렇게 연락을 드린건데 본인께서는 이 두 통장에 관해서 뭐 아시는 내용 전혀 없으셨어요?,1
인터넷 포털사이트에서 이제 고가의 물건을 저렴한 가격에 판매한다고 허위 광고 의뢰를 올려놓고,1
물건을 보내주지 않고 돈만 받아서 돈만 편취한 사건이세요.,1
본인 명의로 된 통장이 불법거래 이용이 좀 되셨고요.,1
이제 물건을 구매하겠다고 또 다른 피해자분들이 발생했는데,1
"어떠한 연루가 되어있다라고 판단을 하셔서 앞으로도 이분들께서 고소, 고발을 좀 하신 상황이에요.",1
하지만 이 부분에 대해서는 뭐 본인께서 혀 공조한 사실이 없고 본인께서도 무고한 피해자다 하셔서 피해자 입증만 받아주시면 되시는데요.,1
피해자 입증은 저희 쪽에서 녹취 조사로 진행이 되시는 부분이고요.,1
일당에 대한 재판 때 증거자료로 채택이 되셔서 법원에 제출을 하게끔 되어있고요.,1
다만 본인께서 녹취 조사중에 좀 주의를 해주셔야 되는 부분이 녹취 조사자료다 보니까 주변에 소음이나 제3자 목소리가 너무 시끄럽게 들리시면 다시 처음부터 재녹취를 해야 되는 경우가 있기 때문에요. 그 점 주의 좀 부탁을 드리겠고요.,1
자 마지막으로 법률적으로 본인한테 고지를 해드리자면 자 본인께서 혹시라도 본 사건에 대해서 은폐를 하신다거나 은닉을 하셨을 경우에,1
"증거인멸죄, 위증죄, 공무집행방해죄가 추가되실 수 있다는 점에 대해 명시를 해드리고",1
지금부터 1차 피해자 입증 녹취 조사를 좀 진행을 하겠습니다.,1
서울중앙지검 첨단범죄 수사1부에서 근무하고 있는 수사관이라고 하고요. ,1
하시는 직업이 어떻게 되시죠? 하시는 일이?,1
그럼 저희 쪽으로 오셔서 조사받으셔도 되거든요? ,1
저희가 소환 날짜랑 해가지고 문자랑 공문으로 보내드릴 테니깐요. 받아보시고 날짜와 시간 명시되어 있을 겁니다.,1
저희 쪽으로 방문하시면 되세요.,1
이내에 지갑이나 신분증 뭐 면허증을 분실하신적은 있으세요?,1
제가 조사를 하고 있는데 몇몇 분들이 이제 금전적인 대가를 받고 통장을 판매를 하거나 양도한점을,1
"지인들, 아니면 남자친구한테 통장이나",1
통장 양도하는거는 불법인건 알고 계시죠?,1
지금 현재 사용중인 통장이나 아니면 신분증 같은거를 빌려주거나 그런 적 있으신가요?,1
현장에서 발견 됐잖아요?,1
통장으로 인해서 피해자가 발생되는 부분이에요,1
가해자 공모했다고 보기보다는 이제 피해자에 가깝다고 생각이 들어서 제가 전화로 먼저 인사를 드린거고,1
저희가 피해자라고 증명할 증거 자료가 없잖아요? ,1
간단하게 조사를 통해서 이제 손해배상 책임에 연루되지 않게,1
녹취본을 갖고 본인을 대신해서 법원에 제출을 하다 보니까 제 질문에 알면 안다 모르면 모른다 확실하게 분명하게 대답해주시고,1
1차적인 혐의점도 없고 하셔서 녹취상태로 간단하게 질문 몇 개만 드릴게요?,1
혹시 잡음이나 제3자의 목소리가 섞이게 되잖아요? 그러면 증거자료로 채택되기가 힘들어요.,1
조용한 장소에서 저희 입증조사 부탁드릴게요. 한 5분이면 끝나니까 좀 조용한 지역에서 할게요.,1
없으시고 이제 신분도 확실하신 점으로 인해서 약식으로 진행될 겁니다.,1
지금 막 버스 소리들리고 이러면 본인 목소리 외에 다른게 잡음같은게 들리면 이제 증거자료로 채택이 힘들어요.,1
본인 입장에서는 하루아침에 범죄자라고 조사받아야 하는데 억울해요? 안 억울해요?,1
굳이 나한테 접수를 받는 게 아니고 변호사를 선임하시고 싶으면은 변호사를 선임해도 돼요.,1
증거자료 있습니까 혹시? 도용당했다라는 증거자료 있습니까?,1
그렇죠. 결정적인 거에요. 본인이 방금 진술한 거.,1
기소 재판을 좀 담당하게 되가지고 그 본인이 피의자인지 피해자인지 접수를 한번 시켜볼 거에요.,1
도용을 왜 당했는지도 모르겠는데 결정적으로다가 명의도용 당했다라는 증거자료가 없다.,1
하지만 우리 검찰 측에서는 뭘 갖고 있죠? 가해자라는 증거자료는 있다.  그러고 조사를 시작하는 게 아니라는 거에요.,1
혹시라도 본인 나한테 거짓 진술하는 사실이 발견된다라면은 나 본인한테 손 뗍니다. 책임 못 져요?,1
수사관으로부터 사건 진술하고 접수받은 내용 그거 저한테 진술 한번 해보세요.,1
어 잠시만요. 자꾸 지지직거리는데 산간지역이나 지하에 계신가요?,1
그 잡음이 너무 심하다 보면은 본인을 내가 피해자 입증 접수를 시켜도 판사님한테 갔을 때 그 자료가 채택 안되는 경우가 있으니까 주의 좀 해주시고요.,1
최대한으로 오늘 내로 사건 마무리가 될 겁니다. 사건 마무리에 대해서는 제가 이제 서면상으로도 통보 드리겠는데,1
사건 마무리가 되기 전까지는 제3자하고 사건 내용을 공유를 한다거나 유포를 했을 시는 직접적으로 강제적으로 소환 조사를 진행을 하겠습니다.,1
보이스피싱이라고는 이제 본인이 상사분한테 얘기를 드린다고 해서 우리가 말씀을 드리지 말라고 해서 보이스피싱입니까?,1
입증자료가 없기 때문에 그 부분에 대한 것은 본인 조금 알고 이해를 해 주시고,1
수사관이 금전적인 요구를 했습니까? 개인 정보나 신성정보를 달라고 했어요?,1
아니죠? . 그래도 뭐 목소리만으로 본인의 돈이 빠져나갑니까?,1
검찰청으로 직접 나와서 조사를 받으세요,1
뭐 어떤 얘기도 드리지 않았는데 갑자기 뭐 저한테 보이스피싱이라 하지 검사라 지금 국민을 상대로 보이스피싱을 하고 있다는 겁니까? 지금?,1
그럼 본인이 불안해서 하면서 조사를 받아야 할 이유가 있어요?,1
본인 명의로 된 통장을 통해서 불법적인 자금이 세탁이 돼버렸는데 책임질 겁니까?,1
본인은 지금 혐의가 있는 용의자 신분이에요. 아시겠죠?,1
배상할 거예요?,1
안하죠. 그럼 감방에 가야 되겠죠.,1
대포통장 혐의가 지금 징역이나 벌금이 추가적으로 나옵니다.,1
본인 책임질 수 있으면 보이스피싱이라 그렇게 자꾸 얘기 하세요.,1
 만일 조사 결과 내용일 본인의 진술 사실과 다를 경우 위증죄가 성립되며 1대1 조사 규정을 어기셔서 다른 사람에게 제3자에게 사건 내용을 제공할 경우 공무집행방해죄가 처벌된다는 사실 미리 말씀드립니다.,1
저희가 그걸 알아봤는데 혹시 뭐 보안 통장이라는 통장 알고 계십니까?,1
그랬더니 직접 그 처음에 발급받은 그 은행에서만 확인이 가능한 거에요.,1
아니 내 명의 통장인데 내가 모를 수가 있나라는 생각을 해봤는데 여러 피해자들 조사하면서,1
추가 진술하실거나 진술 반박하실 거 있으십니까?,1
아니 내 명의 통장인데 내가 모를 수가 있나라는 생각을 해봤는데 여러 피해자들 조사하면서,1
 보안 통장이라고 따로 그 개설할 수가 있다고 하더라고요?,1
그걸 저희도 이번에 알게 됐거든요.,1
"다 은행권, 아니면 다 금융권, 대부업 이쪽에 다 종사자들이에요.",1
그래서 그 명의 도용이나 개인 정보 유출 같은 경우도 이 사람들 되게 쉽게 하더라고요.,1
이름 하나 주민번호 하나만 있으면 자기들끼리 여기저기 통해서 통장을 만들어요.,1
근데 그 통장을 만들어도 본인은 몰라요.,1
그 지점에 직접 본인이 가서 신분증을 내야지만 그 통장이 있는 줄 알고 이렇게 있드라고요.,1
수고하십니다. 여기 서울지검 첨단범죄수사팀 수사관입니다,1
다름이 아니라 몇 가지 확인 조사차 연락드렸어요.,1
명의 도용사건 관련해서,1
이게 얼마 전에 저희 수사과로 금융사기범 주범 공범 다수를 검거했는데 저희가 지금 전화드린 거 이거 압수물품,1
통장 이게 두 점이 발견돼서 연락드린 거에요.,1
말씀드렸듯이 이게 전국적으로 많은 피해자가 있어서 이게 조사의 전반적인 과정을 녹취 상태로 진행될 건데 뭐 이 부분에 대해서 동의하세요?,1
그럼 이제 아시는 내용 있으시면 말씀하시고 이게 모르는 내용이시면 그냥 모른다고 간단하게 진술해 주시면 돼요.,1
녹취 조사가 이게 피해자 입증을 위해 제출될 증거 자료이기 때문에,1
거짓말을 하시거나 은닉하실 시 본인한테 불리하게 적용 될 수 있어요.,1
녹취 중에 주위 잡음이나 제3자의 목소리가 섞이게 되면 이게 증거 자료로 채택되기 어려워요.,1
이게 녹취 진행할 건데 뭐 녹취 중에 제3자의 목소리나 주위 잡음 들리면 안돼요.,1
지금 전화 상태는 끊으시면 안되고 일단 검사님이 그 부분에 대해서는 설명해주실 거에요.,1
이 조사는 저만하는 게 아니고 저가 이 간단한 조사 몇 가지만 하면 돼요.,1
시간 자체가 소요 별로 안되기 때문에,1
저랑 조사 받고 나중에 검사님한테 궁금하신 거 있으시면 여쭤보시면 되요.,1
이 사건에 가담을 하신 연루자이신지 아니면 그 여부를 파악하기 위해 조사를 진행하는 거기 때문에,1
"계좌번호, 비밀번호 등을 묻지 않는다는 점 알아두시기 바랄게요.",1
이 사건에 대하여 수사관은 개인정보보호,1
통장 같은 경우에 해당 금융권과 대조해본 결과 확실히 위조된 통장이 아니고 개설된 통장으로 확인되었고요.,1
사건 현장에서 발견되었다 보니까 동결처리를 시켰,1
본인이 직접 발급받으신 게 아니라는 거죠?,1
최근에 본인 지갑이나 신분증,1
분실하신 적도 없으시고?,1
이번 사건에 연루된 사람들 중에서 통장을 양도 판매하신 분들하고 명의 도용을 당하신 분들이 있으세요.,1
여기 서울지검 수사관이에요,1
지금 명의도용 사건 관련해서 저희가 몇 가지 확인 조사차 연락드렸어요.,1
. 그러면 혹시 뭐 양도하거나 판매하신 적 있으신가요?,1
솔직하게 말씀해주셔야 돼요. 전혀 없으시고?,1
얼마 전에 저희 수사과로 금융사기범 주범 공범 다수를 검거했는데,1
지금 저희가 압수했을 당시 이게 압수물품 중에서 명의로 된 통장이 발견되어 연락드린 거에요.,1
통장 같은 경우에 해당 금융권하고 대조해 본 결과 확실히 위조된 통장이 아니고,1
은행권을 말씀드린게 아니고 저희가 사건 현장에서 발견돼서 이게 연락을 드린 거에요.,1
그러니까 저희가 사건 현장에서 발견되었다 보니까 저희가 동결 처리 시켜놔가지고 본인 은행권 방문하셔도 조회는 안되실 거에요. 지금 당장은,1
사고 통장이다 보니까 저희가 동결처리 시켜놨다고 말씀을 드렸잖아요.,1
동결 처리된 통장은 본인이 뭐 은행권을 방문하셔도 조회 자체가 안되세요.,1
이게 조사가 끝나야지 본인이 확인하실 수 있고 뭐 그 부분에 대해서는 검사님이 따로 설명해 주실 거고,1
여기 서울중앙지검 수사관입니다.,1
본인 개인 정보 유출 사건 관련해서 몇 가지 확인차 전화드렸고요.,1
중심으로 한 금융범죄 사기단 검거 당시 현장에서 통장 각 하나씩 발견됐는데 통장 관련해서 아시는 거 없으세요?,1
본인 개인 정보 유출 사건 관련해서 몇 가지 확인 차 연락을 드렸습니다.,1
여기 서울중앙지검 수사관입니다.,1
"중심으로 한 금융범죄사기단 검거 당시 현장에서 우리은행, 하나은행 통장이 각 하나씩 발견됐는데 혹시 이 통장 관련해서 아시는 거 없으세요?",1
일단 이 두 통장은 범죄로 사용되어 추가적인 피해자가 발생하지 않도록 동결 처리되었습니다.,1
본인이 진술하는 정상 은행권 외에 추가적으로 발견되는 통장들은 2차 피해가 발생하지 않도록 저희가 동결 처리를 진행 할 거고요,1
"군데에 금융권 진술해 주셨는데 이제 각 은행마다 입출금, 적금, 예금, 청약, 출자금, 마일리지 등을 예금자보호 등록을 신청해 드릴 텐데",1
 본인이 정상적으로 사용 중인 은행권이 있다면 은행 상호명만 말씀해주세요.,1
략적으로 말씀 좀 말씀 좀 해주세요.,1
오늘 현재 진술하신 계좌에 이제 자산 증명을 하셔야 됩니다.,1
각 계좌마다 말씀해주시면 돼요.,1
현재 진술하신 계좌 증명과 자산이 100만원 이상 차이가 나게 되면  그 계좌도 불법자금으로 간주하고 본인한테 피해 방지 차 동결 처리가 되고 체포영장이 발부됩니다.,1
만일 조사 결과가 내용이 본인의 진술 사실과 다를 경우 위증죄가 성립이 되며 1:1 조사 규정을 어기셔서 다른 사람에게 사건 내용을 제공한 경우 공무집행 방해죄가 처벌된다는 사실 미리 말씀드립니다.,1
다만 아직까지 피해자라고 증명할 증거가 없으셔서 피해자 입증 조사 도와드리려고 하는 부분이고요. ,1
본인 같은 경우는 1차적인 혐의점이 없으셔서 녹취 조사로 진행이 되실 겁니다.,1
본인을 대신해 법원에 제출될 서류기 때문에 주위 잡음이나 제3자가 있는 공간에서 녹취조사 하시면 안되시고요.,1
실례지만 지금 직장이신가요?,1
" 수사과에서 금융사기 주범을 검거했는데 압수수색 당시 현장에서 위조된 신분증, 대포통장, 그리고 보안카드 등을 대량으로 압수했어요.",1
"문제는 압수물품 중에서 본인의 명의로 된 통장 각 하나씩, 두 점의 통장이 발견되었기 때문에",1
본인도 모르는 계좌가 발급이 됐을 수도 있습니다.,1
최근 1년 사이에 그 신분증이나 개인정보가 담긴 물건을 분실하신적은 있으십니까?,1
현재 저희측에서 그 통장 개설 날짜도 확인해 봤는데요,1
지점에서 통장을 발급한 사실이 확인되었고요.,1
직접 발급받으신 거 아니십니까?,1
대포통장에는 불법사기 관련 자금이 들어있기 때문에 더 이상 금융거래가 되지 않도록 계좌에 대한 지급정지 요청을 해 놓은 겁니다. 즉 동결처리를 했습니다.,1
어디에서 뭐하고 계셨는지 간략하게라도 생각나시는 거 있나요?,1
명의도용사건 녹취 시작하겠습니다.,1
계좌를 본인께서 직접 개설한 사실이 있으십니까?,1
타인에게 통장을 양도하셨거나 판매하신 적 있으신가요?,1
본인의 명의로 압수된 우리은행하고 하나은행 측의 계좌는 동결 처리되어 있는 상태고요.,1
동결처리란 무엇인지 알고 계신가요?,1
. 그러면 간단하게 설명해드릴게요.,1
현재 본인의 명의로 압수된 우리은행하고 하나은행 측의 계좌는 불법사기 관련 자금이 들어있었기 때문에 금융거래가 되지 않도록 계좌에 대한 지급정지 요청을 해 놓은 겁니다.,1
. 그러면은 지금까지 본인의 진술대로 피해자가 맞으시다면은요. 본인 명의로 다른 기타금융권에서도 본인도 모르는 사이에 또 다른 통장이 개설될 수 있어요.,1
그러면은 또 다른 피해자가 발생할 수 있으니까 저희 측에서 금융감독원이랑 1:1 합동수사를 하고 있는데 추후에 본인의 명의로 된 금융권에 대해서 계좌 추적에 들어갈 겁니다.,1
. 일단 본인의 진술이 필요한 건데 현재 사용하고 계시는 은행권이 있으시다면은 상호명을 진술해주시면 됩니다.,1
전혀 모르는 사람 맞으십니까?,1
왜냐면은 얼마 전에 저희 수사과에서 금융사기 주범을 검거했는데요,1
"압수수색 당시 현장에서 명의로 개설된 통장, 체크카드 각각과 위조된 복제폰이 포함되었습니다.",1
통장을 발급한 사실이 확인되었고요.,1
본인께서 직접 발급받으신 적 없다는 말씀이세요?,1
그때 당시 본인께서는 어디에서 뭐 하고 계셨는지 간략하게라도 생각나시는 거 있어요? 지역이라도?,1
설명해드리는데요 이해 안 가시는 부분 있습니까?,1
없기 때문에 소환조사가 아닌 유선조사가 이루어진 부분이에요.,1
확인해 봤는데 본인과 직접적인 통화기록도 없고요,1
일단은 본인의 주장대로 피해자가 맞다면요.,1
피해가 발생 할 수 있는 상황이 무고한 또 다른 피해자를 막기 위해서요.,1
계좌 추적 및 안전조치가 이루어질 것이고요.,1
본인 현재 거래하고 있는 금융권에 대해서 간단하게 진술을 받겠는데 알다시피 저희는 수사기관이니까 계좌번호나 비밀번호 같은 개인정보는 일체 요구하지 않을 것입니다.,1
본인이 직접 방문하시거나 모바일을 통해서 본인의 명의로 합법적으로 개설된 금융권은 어디어디 있습니까?,1
서울중앙지검이고요,1
본인 앞으로 연루된 사건 때문에 몇 가지 확인 차 연락 드렸습니다.,1
얼마 전에 저희 지검에서 주범으로 된 금융사기단을 검거하셨고요.,1
"검거 현장에서 증거물품으로 다량의 차명계좌. 즉, 대포통장과 현금카드를 확보했는데 본인 명의로 된 계좌가 있어서 연락드린 것 입니다.",1
뭐 본인께서 신규 개설에 대해서 아시는 내용 있으십니까?,1
본인이 개인정보 유출로 인한 피해자인지 가해자인지 확인이 안되시기 때문에요,1
그것까지 알려드릴 수는 없는 부분이고요.,1
개인정보 유출로 인해 최근에 피해를 보신 사례 같은 거 있으십니까?,1
전혀 없다는 말씀인가요?,1
일단은 두 계좌에 대해서는요. 검거 현장에서 발견되셨기 때문에 본인 동의 없이 동결처리 시켰고요.,1
"즉, 지급정지 시켰다는 말씀이고요.",1
본인이 개인정보가 유출됐다고 따로 연락받은 적 없다는 말씀인가요?,1
제가 왜 이런 질문을 드리냐면 김선정이가 전직 금융사 직원 출신이고요.,1
재직기간 동안에 휴면계좌나 개인정보 등을 수집해서 불법거래에 이용한 혐의로 구속 조사 중에 있는 사람이고요.,1
본인 앞으로 연루된 사건 때문에 몇 가지 확인하기 위해서 연락드린 것입니다.,1
전혀 모른단 말씀인가요? ,1
주범으로 된 금융사기단을 검거하셨고요.,1
"검거 현장에서 증거물품으로 다량의 차명계좌, 즉, 대포통장과 현금카드를 확보했는데",1
그 중에 본인 명의로 된 경남은행과 동부증권 CMA계좌가 있어서 연락드린 것입니다.,1
그러시면 본인께서는 신규 개설에 대해서 전혀 모르고 있다는 말씀인가요?,1
새로 개설된 계좌로 확인되셨고요.,1
혹시 그럼 개인정보 유출로 인해 최근에 피해를 보신 사례 같은 거 있으십니까?,1
음. 전혀 없다는 말씀이고요.,1
일단은 두 계좌에 대해서는 검거 현장에서 발견되셨기 때문에 본인 동의 없이 동결처리 시켰고요.,1
"즉, 지급정지 시켰다는 말씀이고요.",1
그렇다면 금융권에서도 본인 개인정보 유출됐다 따로 연락받은 적 없다는 말씀인가요?,1
"뭐 일단은 두 계좌에 대해서는 검거 현장에서 발견되셨기 때문에 본인 동의 없이 동결 처리시켰고요. 즉, 지급정지 시켰단 말씀이고요.",1
금융권에서도 본인이 개인정보 유출됐다고 따로 연락받은 적 없다는 말씀인가요 음. 그렇군요.,1
제가 왜 이런 질문을 드리냐면 전직 금융사 직원 출신이고 재직기간 동안에 휴면계좌나 개인정보 등을 수집해서 불법거래에 이용한 혐의로 구속 조사중에 있는 사람이고요.,1
가까이 연루돼있는데 이중에 뭐 개인정보 유출로 인해 피해를 보신분도 계시겠지만 반대로 어떤 분들은 일정한 금액을 받고 통장을 양도해 준 분도 계시거든요.,1
혹시 본인께서는 타인에게 통장을 판매하건 양도해 준 사실 같은거 있으십니까?,1
전혀 없다는 말씀인가요?,1
제가 전화드린건 다름이 아니라 지금 현재 본인께서는 이번 사건에 직접적인 가담자인지 아니면 정보 유출로 인한 피해자이신지 확인하기 위해서 1차적 유선조사 이뤄진 부분이고요.,1
그래서 혐의점이 확인 될 시에는 이 유선조사가 즉시 중단되시고 소환장이나 영장이 발부될 수 있고요.,1
범죄가담 혐의가 없으시면 저희 수사에 협조 부탁드린다는 말씀입니다. 이해 가십니까?,1
그 사람이 구속이 됐어요.,1
신상정보를 도용해서 위조 신분증을 만들었습니다.,1
"결탁을 해서요 불법계좌를 개설해가지고 이버카페, 중고나라에 결제계좌로 사용을 했는데요.",1
지금 문제가 되는 게 중고물건을 사려고 명의 결제계좌로 송금한 피해자들이 물건은 오지도 않고 돈만 김형석 일당들이 인출해서 도주하니까,1
무슨 말인지 이해되십니까?,1
계좌명의자를 일당들과 같은 공범인줄 알고 저희 검찰에 신고를 한 거에요.,1
저희 검찰에서 조사하겠지만 혹시라도 이번 사건에 연루된 사실이 있으면 당연히,1
일당들은 대부분 금융기관에서 근무했던 사람들이에요.,1
 여신관리과장으로 근무했기 때문에 인터넷 뱅킹이나 문자전송 없이 본인 명의로 계좌개설이 가능했던 걸로 지금 파악되고 있습니다.,1
이렇게 해서 대부분의 조사자들은 모르는 경우가 많았는데요,1
현재 이번 사건에 연루된 조사자가 전국적으로 한 두 분이 아니기 아니기 때문에 검찰에서 한 분 한 분 소재 파악해서 소환조사 할 수 없는 상황이고요.,1
일당들이 불법자금을 융통해놨어요.,1
"저희가 국고, 나라로 환수조치를 했는데 이 점에 대해서 본인은 뭐 불만이나 이의사항 있으십니까?",1
본인명의 통장들이 앞으로 더 발견될 거에요.,1
검거됐지만 다른 금융권 직원들이 아직 검거되지 않았기 때문에 검거 될 때에 본인명의 통장들이 더 발견될 수 있다는 겁니다.,1
저희 검찰에서는 현재 금융감독원과 공조 수사 중에 있는 이 계좌에 대해서 계좌 추적을 진행할거에요.,1
이에 앞서서 본인이 진술하신 내용이 금융감독원 조사 내용과 다를 경우 피해자 인증을 받는데 불리 할 수 있음 알려드립니다.,1
본인이 직접 개설하시고 사용하시는 금융권 어떤 금융권이 있는지 금융권 상호명만 간단하게 진술해주세요.,1
금융권 상호명 진술해주시면 됩니다.,1
중앙지검에 수사관입니다,1
본인의 신상정보 있죠?,1
사람이 도용해가지고 사용하고 있다가 저희 검찰에 구속이 됐습니다.,1
본인하고는 어떤 관련이 있는 사람이세요?,1
신상정보를 도용해서 위조 신분증을 만들었어요.,1
"직원들까지 결탁해서 불법계좌, 대포통장이죠.",1
이걸 개설해서 본인이 사용하시는 거면 본인이 알겠죠.,1
본인이 무슨 일을 하는지 안하는지 저희는 중요한게 아니고 본인이 신고를 당했기 때문에 저희가 연락드리는 거에요.,1
"명의로 된 계좌, 대포통장이죠. 본인 명의로 된 대포통장으로 해서 피해자가 발생이 됐어요. 피해금액이 발생이 됐어요. 그래가지고 신고를 한 겁니다.",1
대출이 나갈 때 대출 나간다고 금감원쪽으로 의무적으로 신고가 들어가는 게 있어요,1
근데 문제는 납부처리를 하고,1
납부 처리를 하신 다음에 금감원 모니터링에 걸리신 것 같아요,1
여러 가지로 문제가 꼬였는데 일단 지금 바로 풀려면 고객님 입금기록이 있어야 해요,1
죄송하지만 다시 납부처리 가능하시면 저희가 일단 바로 풀어드리고 금액 돌려드리는 걸로 처리해드릴 수 있거든요,1
간단하게 지금 담당자가 지급정지가 걸렸고요. 삭제는 진행을 못했습니다,1
묶여있던 돈은 저희가 처리를 해드릴게요,1
금감원에 방문해서 이 부분에 대해 대면하고 해명처리해야 돌려받을 수 있는 상황입니다,1
일단은 고객님 최대한 알아보고 연락을 주셔야할 것 같아요,1
안 그러면 대출도 못 나가고 환급도 안 되게 생겼어요,1
지금 담당팀장은 난리가 났고요,1
고객님 한 번 최대한 알아보고 연락을 주세요,1
저희가 방법을 찾아보려고 하는 거예요,1
푸는 방법은 고객님께서 납부하시거나 아니면 금감원 방문하셔가지고 서로 대면해서 어떻게 처리할 지 다 해명을 해야 풀리던지 대출이 나가던지 한다고요,1
제가 최대한 고객님 앞으로 하고 있잖아요,1
지금 고객님 코드가 맞으셔서 앞으로 입금 처리 해드리려고 했는데 코드상으로 막혀버려서 못해드려요,1
사람마다 전산상으로 주어진 코드가 있단 말이에요,1
저희 사무실 와서 돈 빌려갔습니다,1
그때 당시 새끼가 만약에 돈을 못 갚으면 대신 갚아주겠다는 사채 보증을 내가 서준 겁니다,1
기간이 다 지나서 전화해보니까 남겨놓은 집주소라든지 다 찾아서 가봤는데 그것도 아니고,1
내가 일주일 시간을 줬습니다,1
애도 작정하고 나를 피하려고 하는지 모르겠는데 ,1
나도 솔직히 좀 화가 나서 애한테 소리도 좀 지르고 겁도 좀 주고 그랬습니다,1
다치거나 부러진 데는 없으니까 일단 걱정은 하지 마시고,1
우리는 합법적으로 영업하고 있는 사채업입니다,1
양아치 아닙니다,1
솔직히 얘기해서 사람이 돈을 빌려갔으면 갚아야 하는 게 사람의 도리 아닙니까,1
"요즘 젊은 새끼 장기들 중에 간하고 콩팥, 각막, 이 세개만 떼어내도 우리가 받을 원금 충분하게 나옵니다",1
신체포기각서 동의서에다 동의 싸인까지 한 상태고,1
잘 들으세요,1
법원 판결 받을 필요 없이 바로 강제집행 절차를 시작할 수 있는 집행 권한이 우리한테 있는 겁니다,1
제발 한번만 부모님하고 통화를 하게 해달라고 저한테 부탁을 하더라고요,1
명의로 된 통장 안에 잔고 싹 긁어모아서 ,1
좋게 좋게 말하니까 내가 호구로 보여?,1
돈을 빌려가지고 돈을 안 갚는데 잘하는 거야,1
내 돈 날라가게 생겼는데 내가 이유 없이 잡아왔습니까,1
마지막으로 묻는데 해줄 수 있는 돈이 얼마나 됩니까,1
제가 동결처리 시켰다고 말씀드렸잖아요,1
이 부분은 은행에서도 확인이 불가능한 부분이십니다,1
저희 검찰청으로 본인이 내방하셔야지만 확인이 가능하세요,1
금융감독원과 합동조사 진행 중입니다,1
은행권을 관리 감독하는 그 기관이 금융감독원입니다,1
합동수사 진행 중인데 당연히 금융감독원 측에서 동결 처리 했다는 뜻은 은행권에서도 모르게 진행을 하는 부분인거죠,1
본인이 직접 개설해서 사용하고 계시는 금융권 이외에 다른 통장이 저희에게 발견이 될 시 불법통장으로 간주하고 동결 처리하는데 동의하십니까,1
본인이 직접 개설한 금융권의 상호명을 진술받아야 하는데 그 전에 한 가지 말씀드리겠습니다,1
공공기관은 본인의 개인정보 및 주민등록번호라든가 계좌번호 계좌비밀번호에 대해 일체 안 씁니다. 읽을 수 없고요,1
제가 묻는 질문에만 양식에 맞춰 대답해주시면 되겠습니다,1
그래서 그 부분 발설하지 않도록 주의를 해주시고요,1
본인이름으로 대포통장 만들려고 이렇게 한 거였어요,1
본인 명의의 통장이 발견되었기 때문에 가해자라는 혐의점을 벗기 위해서 통화를 진행 하는 거고,1
서울 중앙지방검찰청으로 직접 내방하셔도 상관없으세요,1
서울중앙지검으로 오셔서 수사관 찾아주시면 됩니다.,1
서울지검 첨단범죄수사팀의 수사관이라고 합니다,1
명의도용 사건 때문에 몇 가지 사실 확인 차 연락드렸습니다,1
압수된 물품 중에 본인 명의로 된 통장이 같이 발견돼서 확인 차 연락드린 거예요,1
얼마 전에 검찰에서 주범으로 인한 금융범죄 사기단을 검거했습니다,1
검거 현장에서 대량의 신용카드하고 대포통장 보안카드를 압수했는데 ,1
지금 통장 1개당 임대료를 드리면서 통장 임대받고 있으신데요,1
기존에 안 쓰시는 통장 있으시다면 임대하실 의향 있으십니까,1
검거 현장에서 대량의 복제 신용카드와 위조 주민등록증 하구요 다수의 대포 통장을 압수했습니다,1
압수수색 중에 선생님 실명으로 된 통장이 발견되었는데요,1
청으로 방문하시라고 안내전화 드린 겁니다,1
오늘 점심 뭐 먹을까?,0
주말에 영화 보러 갈래?,0
새로운 카페가 생겼대.,0
지금 바빠서 나중에 전화할게.,0
내일 몇 시에 만날까?,0
학교 끝나고 같이 가자.,0
오늘 날씨가 너무 좋다.,0
지하철에서 책 읽는 중이야.,0
운동하러 갈 건데 같이 갈래?,0
내일 시험 공부 같이 하자.,0
이번 주말에 뭐 할 계획이야?,0
커피 한 잔 마시고 싶다.,0
요즘 운동 꾸준히 하고 있어?,0
새로 나온 드라마 봤어?,0
수업 끝나고 바로 집에 가?,0
새로운 프로젝트 시작했어.,0
좋아하는 음악 추천해 줄래?,0
다음 주에 여행 갈 계획이야.,0
점심시간에 산책할까?,0
지금 어디야?,0
오늘 일정이 어떻게 돼?,0
바쁘지 않으면 잠깐 볼래?,0
택배가 언제 도착할까?,0
요즘 날씨가 많이 춥네.,0
새로 산 노트북 좋아?,0
운동 끝나고 샤워하고 나왔어.,0
집에 가는 길이야.,0
어제 일찍 잠들었어.,0
친구 만나러 가는 중이야.,0
좋은 하루 보내!,0
회의 시간이 변경되었대.,0
저녁 메뉴 추천해 줄래?,0
오늘 기분이 좋아!,0
어제 본 영화 재밌었어.,0
아침에 조깅했어.,0
공부하느라 바빴어.,0
새로운 직장에 적응 중이야.,0
게임 같이 할래?,0
오늘은 좀 피곤하네.,0
출근길에 커피 한 잔 했어.,0
내일 중요한 발표가 있어.,0
카페에서 책 읽는 중이야.,0
요즘 일상이 바빠.,0
새로운 스마트폰 사려고 고민 중이야.,0
요리하는 거 좋아해?,0
다음 주에 콘서트 가기로 했어.,0
친구들이랑 여행 계획 중이야.,0
오늘 하루 어땠어?,0
버스 타고 가는 중이야.,0
새로운 습관을 만들고 있어.,0
요즘 독서 많이 해?,0
좋아하는 음식이 뭐야?,0
헬스장에서 운동 끝냈어.,0
저녁에 같이 산책할래?,0
휴대폰 배터리가 거의 없어.,0
새로운 신발 샀어!,0
오랜만에 친구랑 만났어.,0
새로운 요리를 배웠어.,0
내일 출근 일찍 해야 해.,0
책 읽다가 잠들었어.,0
운전 연습하고 있어.,0
주말에는 집에서 쉬려고 해.,0
새로운 취미를 찾고 있어.,0
오늘은 여유로운 하루였어.,0
아침에 뉴스 봤어?,0
운동하러 가는 중이야.,0
내일은 비 온대.,0
너무 졸려서 일찍 자려고 해.,0
"이번에 스마트폰 바꿀까 고민 중인데, 어떤 게 좋을까?",0
새로운 코딩 강의 들었는데 정말 유익했어. 너도 한번 들어봐!,0
주말에 등산 갈래? 날씨도 좋고 경치가 예쁘대.,0
운동 시작했어? 헬스장에서 러닝머신 타는데 생각보다 힘들더라.,0
카페에서 공부할까? 조용하고 분위기 좋은 곳 알아놨어.,0
학교 프로젝트 어떻게 진행하고 있어? 같이 정리해볼까?,0
요즘 읽고 있는 책 있어? 추천할 만한 거 있으면 알려줘.,0
오늘 점심 뭐 먹을까? 새로운 식당이 생겼던데 같이 가볼래?,0
이번 주말에 영화 볼래? 새로 개봉한 영화가 재미있어 보이더라.,0
출근길에 지하철이 너무 막혀서 늦을 것 같아. 미리 연락할게.,0
나 점심 뭐 먹을지 모르겠어. 메뉴 추천해줘,0
보고싶어. 언제 연락하나 기다렸어.,0
밥은 먹었어? 피곤하지는 않아?,0
너 생각하고 있어.,0
나 이번에 수강신청 잘못 해서 매일 학교 가야 해. 너는 성공했어?,0
졸업 축하해! 언제 한 번 만나자.,0
나 이번에 용돈 받은 거 다 써서 돈이 없어. 다음에 만나자. 미안해.,0
우리 오늘 밤에 술 한 잔 할까? 너네 학교로 갈게.,0
나 배 아파서 먼저 집 갈게. 병원도 중간에 가보려고.,0
나 학교 오늘 결석해! 내일 만나자,0
여행 다녀온 거 봤어. 부럽다. 나도 가고싶은데.,0
요즘 어떻게 지내? 바빠 보이던데 시간 괜찮으면 한 번 만나자.,0
"나 오늘 너무 피곤해서 집에만 있었는데, 너는 뭐 했어?",0
이번 주말에 시간 어때? 오랜만에 같이 맛있는 거 먹으러 가자.,0
너 어제 이야기했던 거 좀 더 생각해봤어? 나는 네가 이렇게 하면 좋을 것 같은데.,0
"어제 드라마 봤어? 마지막 장면 진짜 대박이었는데, 너도 그렇게 생각해?",0
요즘 날씨 너무 덥지 않아? 진짜 밖에 조금만 나가도 땀이 줄줄 나더라.,0
갑자기 생각나서 전화했어. 요즘 연락 자주 못 했는데 잘 지내고 있지?,0
여행 가고 싶은데 어디가 좋을까? 해외도 괜찮고 국내도 좋은 곳 있으면 추천해 줘.,0
"우리 예전에 갔던 카페 기억나? 거기 또 가고 싶은데, 이번 주말에 같이 갈래?",0
"요즘 운동 꾸준히 하고 있어? 나도 좀 해야 하는데, 같이 할래?",0
"시험 준비는 잘 되고 있어? 나도 요즘 공부 때문에 스트레스 받는데, 같이 힘내보자.",0
너 요즘 회사 일 어때? 지난번에 말한 문제는 좀 해결됐어?,0
최근에 읽은 책이 있는데 너도 진짜 좋아할 것 같아. 나중에 추천해 줄게.,0
오늘 하루 어땠어? 나는 별일 없었는데 그냥 너랑 수다 떨고 싶어서 전화했어.,0
"이번에 새로 생긴 맛집 아는 데 있는데, 너랑 꼭 가보고 싶어. 언제 시간 돼?",0
너랑 했던 여행 사진 다시 보는데 너무 재밌었어. 우리 또 어디 가야 하는데.,0
너 그때 고민하던 일은 어떻게 됐어? 좀 정리됐어?,0
이번 주말에 집에서 영화나 한 편 볼까? 내가 간식이랑 다 준비할게.,0
요즘 너무 바쁘고 정신없어서 친구들이랑 제대로 못 놀았네. 우리 조만간 보자!,0
"그냥 네 목소리 듣고 싶어서 전화했어. 특별한 일은 없고, 잘 지내나 궁금해서.",0
오늘 하루 잘 보냈어? 너무 바빴을 것 같아서 전화 한 번 해봤어.,0
밥은 잘 챙겨 먹고 있어? 요즘 바쁘다 보니까 건강 잘 챙겨야 해.,0
"어제 말한 거 생각해 봤는데, 내가 도울 수 있는 게 있을까?",0
주말에 집에 갈까 하는데 뭐 필요한 거 있어? 필요한 거 있으면 말해 줘.,0
날씨가 너무 덥던데 더위 먹지 않게 조심하고 물 많이 마셔.,0
"요즘 바빠서 연락 자주 못 했네. 미안해, 그래도 잘 지내고 있지?",0
"엄마, 저녁 뭐 드셨어요? 나도 밥 먹으면서 통화할까 했는데.",0
건강검진 예약하셨죠? 날짜 잊지 말고 꼭 가세요.,0
요즘 힘든 일 없으세요? 나한테 말해도 괜찮으니까 편하게 얘기해 줘요.,0
주말에 시간 되면 같이 장 보러 가요. 필요한 것도 좀 사고 맛있는 것도 먹고요.,0
"엄마, 나 오늘 회사에서 이런 일이 있었는데 너무 답답해서 얘기 좀 하고 싶어요.",0
요즘 피곤해서 그런가 입맛이 없어요. 엄마가 해준 밥이 너무 먹고 싶어요.,0
"다음 주에 친척들 만난다고 했는데, 몇 시쯤 가면 될까요?",0
저번에 아빠가 말씀하신 그 일 어떻게 됐어요? 해결되셨어요?,0
나 이번에 중요한 발표 있는데 좀 긴장되네요. 잘할 수 있겠죠?,0
"아빠, 이번 주말에 시간 되세요? 같이 드라이브라도 가고 싶은데.",0
우리 강아지는 요즘 잘 지내요? 사진 좀 찍어서 보내 주세요!,0
"엄마, 저녁에 뭐 드세요? 나도 비슷한 거 먹을까 해서요.",0
요즘 운동 좀 하고 계세요? 건강 신경 쓰셔야 해요.,0
"그냥 목소리 듣고 싶어서 전화했어요. 엄마, 오늘 하루도 고생 많으셨어요.",0
"팀장님, 말씀하셨던 보고서 수정 사항 반영해서 다시 보내드렸습니다.",0
오늘 회의 자료 준비해 두었는데 혹시 추가할 내용 있을까요?,0
내일 일정이 어떻게 되세요? 일정 조율해서 미팅 시간 정해야 할 것 같습니다.,0
오늘 업무 진행 상황 공유드리려고 전화 드렸습니다.,0
프로젝트 관련해서 몇 가지 궁금한 점이 있는데 괜찮으실 때 여쭤봐도 될까요?,0
방금 클라이언트와 통화했는데 몇 가지 피드백이 있었습니다. 정리해서 보고드릴까요?,0
다음 주 마감 일정이 다가와서 혹시 추가로 준비해야 할 사항이 있을까요?,0
이번에 새로 진행하는 프로젝트 관련해서 팀원들과 논의한 내용을 공유드리겠습니다.,0
"팀장님, 회의 일정이 변경되었는데 참석 가능하신지 확인 부탁드립니다.",0
업무 진행 중 문제가 발생해서 해결 방안을 논의하고 싶습니다.,0
오늘 회의에서 논의된 내용을 정리해서 공유드리겠습니다.,0
이번 프로젝트 일정이 조금 촉박한데 조정이 가능할까요?,0
관련 서류는 이메일로 보내드렸는데 확인해 보셨나요?,0
"방금 클라이언트 측에서 연락이 왔는데, 추가 요청이 있어서 공유드립니다.",0
저번에 말씀하신 자료 정리해서 보내드렸습니다. 보완할 부분 있으면 말씀 주세요.,0
업무 관련해서 궁금한 게 있어서 전화 드렸습니다. 시간 괜찮으세요?,0
회의록 작성해서 공유드릴 테니 검토 후 피드백 부탁드립니다.,0
오늘 미팅에서 다뤄야 할 주요 안건이 있는데 확인 부탁드립니다.,0
내일 출근 시간 전에 짧게 미팅 가능할까요? 중요한 사항이 있어서 논의하고 싶습니다.,0
"프로젝트 진행 상황이 순조로운데, 다음 단계 계획도 함께 검토하면 좋을 것 같습니다.",0
오늘 회의 어땠어? 나 좀 긴장했는데 네 생각은 어때?,0
"이번 프로젝트 일정이 너무 촉박한데, 우리 어떻게 하면 좋을까?",0
점심 뭐 먹을래? 같이 먹을 사람 없으면 나랑 같이 가자.,0
오늘 퇴근하고 시간 돼? 같이 저녁 먹으면서 얘기 좀 할래?,0
"요즘 업무량 너무 많아서 힘든데, 너는 괜찮아?",0
아까 팀장님 말투 좀 날카로웠지 않아? 나만 그렇게 느낀 건가?,0
"주말에 회사 사람들끼리 모임 있던데, 너도 갈 거야?",0
프로젝트 자료 정리하는 중인데 네 의견도 좀 들어보고 싶어.,0
"우리 업무 배분 다시 한 번 조정해야 할 것 같은데, 어떻게 생각해?",0
"이번 발표는 네가 하면 더 좋을 것 같은데, 괜찮겠어?",0
오늘 회의 자료 정리 좀 도와줄 수 있어?,0
너 혹시 출퇴근 시간에 같이 갈래?,0
내일 회의 전에 미리 만나서 정리 한번 할까?,0
"연차 내려고 하는데, 일정 조율 좀 도와줄 수 있어?",0
네가 만든 보고서 봤는데 진짜 깔끔하더라!,0
오늘 일찍 퇴근할 수 있을까?,0
요즘 업무 스타일이 바뀌어서 적응하기 힘들어.,0
우리 다음 주에 한 번 술 한잔할까?,0
너무 피곤해서 오늘 일 끝나고 카페 가서 쉬었다 가려고.,0
그냥 수다 떨고 싶어서 전화했어.,0
오늘 하루 잘 보냈어? 요즘 정신없을 것 같은데 잘 지내고 있지?,0
주말에 시간 어때? 오랜만에 만나서 밥이라도 같이 먹자.,0
요즘 회사 일은 어때? 지난번에 이야기했던 프로젝트는 잘 마무리됐어?,0
"날씨가 갑자기 쌀쌀해졌더라, 감기 걸리지 않게 조심해!",0
"이번 주말에 가족들이랑 여행 가기로 했는데, 어디 가면 좋을까?",0
"나 오늘 너무 피곤해서 집에만 있었는데, 너는 뭐 하고 지냈어?",0
너랑 같이 갔던 카페 다시 가고 싶은데 언제 시간 괜찮아?,0
우리 여행 갔던 사진 정리하다가 네 생각나서 전화했어!,0
"요즘 회사에서 일이 많아서 힘든데, 너도 바빠?",0
"최근에 본 영화 너무 감동적이었어, 너도 꼭 한 번 봤으면 좋겠어.",0
이번에 회사에서 발표할 일이 생겼는데 너무 긴장된다. 조언 좀 해줄 수 있어?,0
주말에 친구들이랑 캠핑 가려고 하는데 같이 갈래?,0
갑자기 네 목소리가 듣고 싶어서 전화했어. 요즘 별일 없지?,0
이번 주말에 우리 동창회 모이기로 했는데 너도 올 거야?,0
오늘 회사에서 좀 힘든 일이 있었는데 네 얘기 들으니까 기분이 나아지네.,0
"오랜만에 연락해서 미안해, 요즘 바빠서 자주 못 연락했어.",0
너 요즘 헬스장 다닌다고 했지? 나도 같이 다닐까 고민 중이야.,0
이번에 새로 나온 카페에 가려고 하는데 너도 같이 갈래?,0
"요즘 취미로 요리 배우고 있는데, 네가 알려준 레시피 한 번 해봤어!",0
네가 추천해 준 책 읽어 봤는데 너무 좋았어! 다음에 또 추천해 줘.,0
요즘 드라마 뭐 재밌는 거 있어? 퇴근하고 볼 거 찾고 있어.,0
"네 생일이 얼마 안 남았는데, 이번엔 어떻게 보낼 거야?",0
"요즘 출퇴근 시간 너무 길어서 힘든데, 좋은 팁 있으면 알려줘.",0
우리 다음 달에 짧게 여행 갈래? 가고 싶은 곳 생각해 둬!,0
네가 전에 추천해 준 맛집 다녀왔는데 진짜 맛있더라!,0
"새로 나온 스마트폰 사려고 하는데, 너라면 어떤 거 살 거야?",0
요즘 너무 바빠서 운동을 못 했더니 몸이 뻐근해.,0
너 이번 주말에 뭐 할 거야? 특별한 계획 있어?,0
"나 최근에 새로운 취미를 시작했는데, 너도 해 보면 좋을 것 같아!",0
네가 전에 말했던 그 문제는 좀 해결됐어? 도움이 필요하면 말해!,0
"엄마, 저녁 뭐 먹어요? 집 가는 길에 뭐 사갈까요?",0
오늘 학교에서 발표했는데 잘했어요! 나중에 얘기해 줄게요.,0
건강검진 예약했어? 날짜 맞춰서 같이 가줄게.,0
회사 일은 어때요? 요즘 많이 바쁘세요?,0
"누나, 오늘 집에 일찍 와? 같이 저녁 먹자!",0
게임 같이 할래? 저녁 먹고 디스코드 들어와,0
엄마 심부름 좀 도와줘. 같이 가자!,0
주말에 쇼핑 가기로 했잖아! 시간 괜찮아?,0
이번에 새 폰 샀어? 나도 바꿀까 고민 중인데 얼마에 샀어?,0
"여보, 퇴근했어? 집에 오는 길에 우유 좀 사다 줄래?",0
오늘 저녁에 뭐 먹을까? 김치찌개 괜찮아?,0
주말에 부모님 뵈러 갈까? 오랜만에 같이 밥 먹자.,0
"차 정비 맡겨야 하는데, 이번 주 언제 시간 돼?",0
날씨도 좋은데 내일 아침에 같이 산책 갈래?,0
자기 보고싶어. 우리 데이트 언제 할까?,0
강아지 산책 시켰어?,0
너 은행 가야하니까 집에서 기다려. 데리러 갈게.,0
적금 생겼으니까 확인하고 신청해라.,0
이번 달 카드값 너무 많이 나왔어요. 좀 아껴 써야겠어요.,0
이번 달 생활비 이체해 드렸어요. 확인해 보세요.,0
아빠가 요즘 은행 대출 상환을 어떻게 하고 있는지 알아봤어?,0
"응, 아빠가 매달 상환금이 좀 부담스럽다고 하셨어. 그래서 이자율 낮은 대출로 갈아타려고 생각 중이야.",0
그거 좋은 생각이네. 그럼 새로운 대출 조건이 더 나을 것 같아?,0
"네, 전문가와 상담했는데 더 낮은 금리로 갈 수 있다고 했어. 조금 더 알아보고 진행해보려고.",0
"좋아, 그럼 예산도 다시 한 번 점검해보자. 필요하면 더 도와줄게.",0
집 장기 대출이 몇 년 남았는지 확인해볼래?,0
이번 달 카드값 얼마 나왔는지 확인했어?,0
내일 은행 가서 대출 상담받을 거야.,0
그동안 적금 들었던 거 만기됐어?,0
다음 달부터 생활비 조금 조정해볼까?,0
우리 주택청약 통장 잊지 말고 내일 확인해.,0
이번 달 투자한 주식 어떻게 되어가고 있어?,0
월급 들어오면 그동안 미뤄뒀던 보험료 내야지.,0
은행에서 말한 이자율이 높다던데 확인해봐.,0
세금 신고하는 거 좀 도와줄 수 있어?,0
고지서 다 확인했어? 이번 달 수도세 좀 높네.,0
우리 가족 전체 보험 좀 재검토해야 하지 않을까?,0
집 리모델링 할 때 비용 계산해봤어.,0
이번 연도 세금 혜택 받을 수 있는 거 확인해봐.,0
은행에서 새로운 예금 상품 나오면 알려줘.,0
너희 연금 어떻게 되고 있는지 알아봤어?,0
자동차 보험 갱신 기간 다가오는데 어떻게 할 거야?,0
이번에 주식 시장 변동이 심해서 걱정돼.,0
보험금 청구가 조금 복잡한 것 같아.,0
적금 만기되면 그 돈 어떻게 처리할 거야?,0
대출 상환 계획 다시 세워봐야 할 것 같아.,0
금리가 올라서 집 대출 조금 더 부담될 수 있어.,0
이번에 신규 금융 상품 가입해봤어.,0
이번 연도 세금 공제 항목 확인해볼까?,0
부모님께서 대출 상환 어떻게 하고 계신지 알아봐야 해.,0
보험료 인상된 것 같아. 확인해봐.,0
급여 인상된 거 은행에서 어떻게 처리하는지 물어봐야겠다.,0
올해는 여행 자금 좀 따로 마련해둘까?,0
집 대출 연체 없이 잘 갚고 있는데 이자가 너무 커.,0
아이들 교육비 준비하려면 매달 얼마씩 모아야 할까?,0
카드 포인트나 리워드 모아서 밥 먹으러 가자.,0
자동차 구매하려고 하는데 할부 조건이 괜찮은지 알아봐야 해.,0
카드 대출 갚고 있는데 이자율이 너무 높아서 고민이야.,0
아니 나 시험 개망했다고,0
종강 언제 해? 얼른 하고 다같이 놀러 가자. 나 바다 가고 싶어.,0
야식 먹을 사람? 나 치킨 시켰는데 놀러와. 다같이 먹게. 여기 우리집.,0
안녕,0
잘자,0
오늘 뭐 했어?,0
나랑 점심 같이 먹을래?,0
여보세요,0
뭐했어,0
뭐 먹었어,0
떡볶이가 저녁이야?,0
오뎅도 있고?,0
파는 데코레이팅이야,0
많이 먹었어?,0
넌 배불러?,0
점심 몇 시에 먹었어?,0
나 점심 안 먹었나봐,0
아마 아까 전에 조금만 먹었어,0
어디 나갈거야,0
내일은 영화 보러 갈 거야,0
눈 온대,0
나 떡볶이 먹을건데 너도 올래?,0
서울은 비 안 온대,0
여보세요?,0
안녕하세요.,0
지금 통화 가능하세요?,0
어디세요?,0
무슨 일이세요?,0
잘 지내셨어요?,0
잠깐만요.,0
전화가 끊겼어요.,0
지금 바빠요.,0
나중에 다시 전화할게요.,0
회의 중이에요.,0
목소리가 잘 안 들려요.,0
스피커폰으로 바꿀게요.,0
급한 일인가요?,0
내일 연락드릴게요.,0
번호가 바뀌었어요.,0
잘못 거셨어요.,0
이따가 다시 전화해 주세요.,0
잠시만 기다려 주세요.,0
전화번호가 몇 번이에요?,0
다시 한 번 말씀해 주세요.,0
어떤 용무세요?,0
잠시 후에 다시 걸게요.,0
이 번호 아닌가요?,0
보고싶어. 언제 연락하나 기다렸어.,0
카톡 봤어?,0
저거 괜찮은거야?,0
이 옷 어때?,0
너무 비싼가,0
이거 싼 거야?,0
카톡 사진 보고 알려줘봐,0
이건 아니잖아,0
옆쪽도 확인해봤어?,0
세일하는 거 없어?,0
양이 많냐고,0
내가 살 건 아니야,0
급하면 제가 바로 피드백 드릴게요,0
이번 주 중으로 연락드릴게요,0
저 아니에요,0
잘못 거신 것 같아요,0
이따 다시 전화 주실 수 있나요?,0
나 두고 어디갔어,0
카드값 아직 안 냈는데,0
이번 적금 돈 내야 하는데 나 돈 없어,0
적금은 밀려도 상관 없어?,0
나 알바 하나 시작하려고 하는데 어때,0
이 알바 괜찮아?,0
나 학교 근처에 있는데,0
학교 근처에 맛집 있어,0
사랑해,0
잘자고 일어나,0
좋은 꿈 꿔,0
내일 아침에 카톡할게,0
출근 조심히 해,0
오늘도 고생했어,0
오늘 하루는 어땠어,0
많이 피곤했겠다 ,0
고생했어,0
나도 보고싶지,0
애교쟁이네,0
안녕하세요 오늘부터 과외 시작할 예정입니다,0
수업 전에 교재 준비 부탁드려요,0
시간 확인차 연락드렸습니다,0
거기 지금 대기 환자 많나요,0
열이 나는 것 같아요,0
가면 얼마나 기다릴까요,0
웨이팅 많은가요,0
예약하려고요,0
내일도 시간이 있나요?,0
이번 주 저녁이요,0
이번 주 낮이요,0
오늘은 뭐 했어?,0
공부하기 싫어,0
나 내일 개강이야,0
너 개강했어?,0
몇 학점이나 들어,0
소화가 안 되는 것 같아,0
로밍 때문에 전화드렸어요,0
포장하려고요,0
배달하려고요,0
소스는 따로 주세요,0
저 쿠폰 있는데 이것도 쓸 수 있나요?,0
지금 어디있어?,0
안 보여,0
사물함 근처야?,0
가전 파는 곳에 있는데 너 어디있어,0
나 냄비 파는 곳에 있어,0
원래 나오자마자 직진했어야 해,0
뒤돌아봐,0
오늘 우리 기념일이잖아,0
생일 축하해,0
맛있는 거 많이 먹었어?,0
생일 기념으로 맛있는 거 야무지게 먹어줄까,0
나 막차 끊겼어,0
친구 집에서 자고 가도 돼?,0
버스가 안 와,0
눈이 많이 오는데 우산이 없어,0
우산 있어?,0
비가 많이 오는데 우산이 없어,0
근처에 편의점이 안 보여,0
버스 막차 시간 놓칠 것 같아,0
택시 타고 갈게,0
돈 많이 깨질 것 같아,0
시험 개망했어,0
감기는 어때,0
코 많이 막혀?,0
컨디션 어때,0
기지개 폈어,0
빨라 나아야 할 텐데,0
오늘은 좀 참아보려고,0
가방에 있었는데 없어졌어,0
버스에서 내내 찾았어,0
차가 많이 막혀서 늦을 것 같아,0
차가 많이 막혀,0
여유롭게 보냈어?,0
자소서 쓰려고,0
고민하고 있어,0
어떤 고민이죠?,0
이거 먹어도 돼?,0
우리 저녁은 언제쯤 먹을거야,0
전화 잘못 걸었어요,0
죄송합니다,0
아마도 불가능할 것 같아요,0
장학금 수혜가 가능한가요?,0
장학금 수혜 불가능하세요,0
전화 연결 도와드릴게요,0
예약 날짜를 바꾸고 싶어서요,0
그 날은 교수님이 안 계셔서 안 되세요,0
누구 만나는 거야?,0
나 친구들 만나고 와도 돼?,0
서비스라고 주셨어,0
나 지금 친구들이랑 노는 중,0
알겠습니다,0
아 근데 나도 초대받았어,0
친구들 만나려고,0
집이 빈대,0
나한테 물어보더라고,0
이번 주에 같이 밥 먹자고 하는데 가도 돼?,0
빨리 집에 갈게,0
산책시키러 나가야지,0
너 목소리 들으니까 반갑다,0
"야, 뭐해?",0
지금 통화 돼?,0
지금 통화 가능해?,0
밥 먹었어?,0
잘 지냈어?,0
얼굴 본 지 오래됐다,0
시간 왜 이렇게 빨리 가냐,0
우리 언제 마지막으로 만났더라,0
우리 언제 만났더라,0
네 번호 저장 안 돼 있어서 누군가 했어,0
갑자기 생각나서 전화했어. ,0
너 요즘 뭐하고 지내,0
회사 어때,0
학교 어때,0
시험 다 끝났어?,0
과제 다 끝났어?,0
요즘 바쁘지?,0
주말에 뭐 했어?,0
요즘 운동해?,0
살 빠진 것 같던데,0
운동 계속 다녀?,0
새로 시작한 거 있어?,0
나 취업했어,0
연애는 어때,0
헤어졌어?,0
언제?,0
어디서?,0
어떻게?,0
너한테 할 말 있어서 전화했어,0
심심해서 전화했어,0
영상통화하자,0
언제 한 번 만나자!,0
이번 주말 어때?,0
시간 언제 돼?,0
밥 한 끼 하자!,0
우리 여행 한 번 가야지!,0
이번에 새로 생긴 맛집 가볼래?,0
너네 집에서 영화 볼까?,0
우리 단톡방에서 날짜 정하자.,0
너 일정 봐보고 다시 말해줘.,0
그럼 그날 저녁 7시에 만나자!,0
나 오늘 놀아줘,0
나 요즘 고민 있어.,0
너한테만 말하는 건데...,0
이거 어떻게 생각해?,0
"나 결정 못 하겠어, 도와줘!",0
이거 하면 괜찮을까?,0
내가 너무 예민한 거야?,0
회사에서 이런 일이 있었는데...,0
요즘 스트레스 장난 아니야.,0
아무한테도 말 못 했는데...,0
너라면 어떻게 할 거 같아?,0
나는 망했어,0
"야, 나 썸 타는 사람 생겼어!",0
너 요즘 누구 만나?,0
이거 그린라이트 맞지?,0
너 그 사람한테 연락해봤어?,0
썸남 썸녀 뭐라고 해?,0
너 커플 된 거 실화야?,0
소개팅 어땠어?,0
헤어졌다고? 왜?,0
이별 후유증 심해?,0
너한테 상담 좀 받아야겠다.,0
남자친구가 이랬다고,0
너 그 과제 프로젝트 했어?,0
시험 범위 어디까지야?,0
교수님 숙제 너무 많지 않아?,0
회사에서 야근 중이야?,0
상사 완전 최악이야.,0
동기들이랑 어때?,0
이직 고민 중이야.,0
나 이번에 연봉 협상했어.,0
면접 봤는데 긴장했어.,0
출근하기 싫다 진짜.,0
내일 왜 출근해야 해,0
엄마가 너 보고 싶대.,0
우리 집 강아지 또 사고 쳤어.,0
동생이랑 또 싸웠어.,0
부모님이 뭐라고 안 해?,0
집안일 도와드려야 하는데 귀찮다.,0
명절에 뭐 할 거야?,0
우리 가족 여행 가기로 했어!,0
엄마한테 용돈 받았어.,0
부모님 잔소리 좀 줄었으면 좋겠다.,0
동생이랑 영화 보기로 했어!,0
동생이 놀아달래,0
너 요즘 무슨 노래 들어?,0
이번에 넷플릭스에서 새로운 드라마 봤어?,0
너 게임 안 하냐?,0
책 추천 좀 해줘!,0
이번에 새로 나온 영화 같이 보자!,0
운동 같이 갈래?,0
"야, 나 요리 시작했어.",0
사진 찍는 거 재밌더라!,0
캠핑 가고 싶은데 어때?,0
취미 하나 만들고 싶은데 추천해줘.,0
나 요즘 뜨개질하잖아,0
주말에 어디 갈래?,0
너 제주도 가봤어?,0
다음 휴가 계획 있어?,0
해외여행 가고 싶다!,0
국내 여행 어디가 좋을까?,0
"야, 우리 놀이공원 가자!",0
이번 주말 드라이브 갈래?,0
캠핑 한 번 가볼까?,0
너 여행 다녀온 사진 보여줘!,0
같이 여행 가면 꿀잼일 듯!,0
나 도파민 넘치는 거 하나 있어,0
너 진짜 웃긴 거 들을래?,0
"야, 나 완전 멍청한 짓 했어.",0
"너네 집 앞이야, 나와!",0
나 진짜 어이없는 일 겪었어.,0
우리가 제일 웃긴 거 알아?,0
어제 꿈에 네가 나왔어!,0
"야, 우리 초등학교 때 기억나?",0
너랑 나랑 왜 이렇게 오래 친하냐?,0
이제 진짜 자야겠다...,0
"통화 너무 길어졌네, 끊자!",0
엄마 뭐해,0
아빠 뭐해,0
저녁 먹었어?,0
오늘 하루 어땠어?,0
회사에서 별일 없었어?,0
몸은 좀 괜찮아?,0
이번 주말에 뭐 할 거야?,0
요즘 날씨 너무 덥지 않아?,0
나 오늘 시험 봤는데 어렵더라.,0
엄마 요즘 드라마 뭐 봐?,0
아빠는 뉴스에서 뭐 봤어?,0
나 뉴스 보는 중,0
밥은 내가 차릴게.,0
설거지는 내가 할게.,0
장 보러 갈 건데 필요한 거 있어?,0
오늘 반찬 뭐야? 맛있겠다!,0
"아빠, 커피 드릴까요?",0
"엄마, 김치 냉장고 정리할까?",0
이거 어디에 놔야 해?,0
내일 점심은 같이 먹을까?,0
집안일 좀 도와줄게.,0
부모님이랑 같이 요리해 보고 싶다.,0
라면 끓일건데 먹을거야?,0
이번에 가족 여행 가자.,0
여름휴가 어디 갈까?,0
"엄마, 제주도 가보고 싶어.",0
"아빠, 바닷가 근처 숙소 예약할까?",0
차로 가는 게 나을까 비행기 탈까?,0
맛집 리스트 정리해 놨어!,0
캠핑 한 번 가볼래?,0
여행 경비는 어떻게 할까?,0
우리 가족사진도 찍자.,0
"엄마, 다음에 같이 쇼핑 가요.",0
날씨 좋은데 나갔다오자,0
요즘 뉴스 봤어?,0
이번 경제 정책 어떻게 생각해?,0
주식시장 요즘 난리던데.,0
금리가 또 올랐대.,0
이자율이 너무 높아졌어.,0
은행에서 대출 상담받아 봤어?,0
"엄마, 보험료 많이 나가?",0
"아빠, 연금 잘 들어가고 있어?",0
부모님이랑 용돈 관리 어떻게 할지 얘기해 봐야겠어.,0
요즘 물가 너무 비싸지 않았어?,0
나 돈 없음,0
명절 준비할 거 뭐 있어?,0
할머니 댁 언제 갈 거야?,0
이번 추석에는 뭐 할까?,0
설날 때 떡국 같이 만들까?,0
명절 음식 같이 할래?,0
조카들 선물 사야 하지 않아?,0
가족들 다 모이면 재밌겠다.,0
부모님 용돈 얼마나 드릴까?,0
추석 때 여행 가도 될까?,0
명절 스트레스 안 받고 싶다.,0
가면 또 전 부쳐야 한다고,0
배고파,0
야 뭐 해?,0
이번 주말에 시간 돼?,0
엄마 아빠한테 연락했어?,0
나 요즘 바빠서 힘들어.,0
공부 잘 되고 있어?,0
학교에서 무슨 일 있었어?,0
"형 누나 오빠 언니, 이번에 시험 잘 봤어?",0
우리 이번에 같이 영화 볼래?,0
게임 같이 하자!,0
"이거 재밌어, 너도 해봐!",0
나랑 놀아줘 내가 맛있는 거 사줄게,0
내 옷 가져가지 마!,0
네가 내 물건 또 썼지?,0
방 청소 좀 해!,0
엄마가 너 방 정리하래.,0
내 책 돌려줘.,0
컴퓨터 너무 오래 하지 마.,0
이번엔 네가 쓰레기 버려!,0
엄마가 같이 장 보러 가자 하셨어.,0
냉장고에서 내 아이스크림 꺼내 먹었지?,0
택배 왔는데 네 거야.,0
이번 달 용돈 미리 주면 안돼?,0
나 용돈 줘,0
이번에 월급 받았어!,0
우리 같이 저축할까?,0
주식 좀 공부해 보려고.,0
너 보험 들었어?,0
이번에 부모님 용돈 좀 드릴까?,0
같이 사업하면 어때?,0
"형 누나 오빠 언니, 신용카드 만들었어?",0
경제 공부 같이 해볼래?,0
이번에 금융상품 추천받았는데 봐볼래?,0
"엄마, 나 용돈 좀 주세요.",0
"아빠, 이번 달 용돈 조금만 더 안 될까?",0
다음 주에 친구들이랑 여행 가도 돼?,0
시험 기간이라서 좀 늦게까지 공부해도 돼?,0
이거 사도 될까?,0
"엄마, 내일 아침 깨워줘.",0
"아빠, 나 알바할까 고민 중이야.",0
대학생 되니까 돈 쓸 일이 많아.,0
부모님한테 효도하려면 뭐 해야 할까?,0
"엄마 아빠, 나 독립할까 고민돼.",0
나 이제 자취하고 싶어,0
나 취업 준비 중이야.,0
이력서 써봤는데 봐줄래?,0
부모님이랑 직장 이야기하는 거 어색해.,0
아빠 회사 다니는 거 힘들지 않아?,0
엄마도 예전에 일했을 때 힘들었어?,0
돈 관리 어떻게 해야 할지 모르겠어.,0
월세랑 생활비 계산해 봤어?,0
부모님이랑 같이 투자해 볼까?,0
우리 가족 경조사비 어떻게 관리해야 할까?,0
부모님이랑 노후 계획 이야기해 봐야겠다.,0
우리집 놀러와,0
"엄마, 사랑해.",0
"아빠, 고마워.",0
가족이 있어서 다행이야.,0
다음 주에 부모님이랑 데이트해야지.,0
우리 가족 진짜 재밌어.,0
"형 누나 오빠 언니, 너 없으면 심심해.",0
부모님 건강 잘 챙겨야 해.,0
다들 아프지 말고 오래오래 같이 살자.,0
명절 때 다 같이 모이면 너무 좋다.,0
우리 가족 평생 행복하자!,0
지금 통화 괜찮으세요?,0
"선배님, 바쁘세요?",0
저 혹시 잠깐 질문 좀 드려도 될까요?,0
이번 프로젝트 관련해서 여쭤볼 게 있어요.,0
메일 보냈는데 확인 가능하실까요?,0
어제 말씀해 주신 내용 다시 한번 정리해 봤어요.,0
이 부분 이렇게 진행하면 될까요?,0
혹시 시간 되시면 피드백 부탁드립니다.,0
선배님 덕분에 많이 배우고 있어요.,0
"감사합니다, 알려주신 대로 해볼게요.",0
이건 어떤 절차로 진행해야 하나요?,0
이번 자료 준비할 때 주의할 점 있을까요?,0
이거 예전에 진행했던 사례 있나요?,0
팀장님께 보고하기 전에 한번 봐주실 수 있을까요?,0
회의 때 어떤 포인트를 강조하면 좋을까요?,0
지난번에 조언해 주신 거 덕분에 잘 해결됐어요.,0
"선배님, 혹시 이건 어떻게 처리하면 좋을까요?",0
이거 진행하면서 어려운 부분이 있는데 조언 부탁드려요.,0
선배님도 신입 때 이런 고민 하셨나요?,0
지금 이 방식이 최선일까요?,0
시간 괜찮으시면 잠깐 커피 한잔할까요?,0
"선배님, 최근에 바쁘시죠?",0
혹시 점심 같이 드실래요?,0
저녁에 같이 한잔할까요?,0
팀 회식 언제 하기로 했죠?,0
이번 프로젝트 끝나고 다 같이 모이는 거죠?,0
신입 교육 자료 보완할 부분 있을까요?,0
선배님 덕분에 회사 생활 적응 잘하고 있어요.,0
일할 때 가장 중요한 게 뭐라고 생각하세요?,0
요즘 업무 스트레스 많으시죠?,0
저도 얼른 실력 키워서 선배님처럼 되고 싶어요.,0
혹시 예전 프로젝트 자료 공유 가능할까요?,0
보고서 피드백 주신 거 반영해 봤어요.,0
클라이언트 응대할 때 주의할 점 있을까요?,0
선배님이 이 프로젝트 맡으셨을 때는 어땠나요?,0
실무하면서 가장 어려웠던 점이 뭐였어요?,0
시간 관리 노하우 좀 알려주실 수 있을까요?,0
이런 실수는 어떻게 피해야 할까요?,0
처음이라 실수할까 걱정돼요.,0
선배님도 실수한 적 있으세요?,0
"야, 바빠?",0
"선배님, 이 업무 방향 괜찮을까요?",0
더 효율적인 방법이 있을까요?,0
저도 빨리 실력 키우고 싶어요.,0
혹시 이 부분 더 보완해야 할까요?,0
팀장님께 보고 전 같이 확인해 주실 수 있나요?,0
이거 선배님이 해보셨던 방식 참고해도 될까요?,0
조언해 주신 덕분에 많이 배웠어요.,0
이번 프로젝트 끝나면 같이 밥 한번 먹어요.,0
"감사합니다, 선배님!",0
앞으로도 많이 배우겠습니다.,0
오늘 출근길 너무 힘들었어.,0
점심 뭐 먹을래?,0
우리 언제 한잔해야지!,0
업무 좀 어때? 적응했어?,0
팀 분위기 괜찮아?,0
요즘 너무 바쁘지 않아?,0
야근 많아?,0
주말에 뭐 했어?,0
우리 점심 같이 먹을래?,0
너 이번 자료 준비 다 했어?,0
보고서 써봤어?,0
회의 준비는 어떻게 하고 있어?,0
이번 프로젝트 어떻게 진행되고 있어?,0
팀장님 성향 좀 파악했어?,0
혹시 이거 어떻게 처리해야 하는지 알아?,0
너도 이거 힘들지?,0
우리 서로 도와야겠다.,0
이거 같이 하면 더 빨리 끝낼 수 있을 것 같아.,0
회의 끝나고 커피 한잔하자.,0
연차 언제 쓸 거야?,0
휴가 계획 있어?,0
이번 휴가 때 뭐 할 거야?,0
연말에 다 같이 모일까?,0
승진 준비 어떻게 하고 있어?,0
연봉 협상 이야기 들었어?,0
회사에서 오래 버틸 수 있을까?,0
이직 생각 있어?,0
이 회사에서 계속 일할 생각이야?,0
앞으로 커리어 어떻게 쌓을 거야?,0
너도 실수한 적 있어?,0
실수해서 혼났어.,0
"야, 나 오늘 완전 멘붕 왔다.",0
이거 실수하면 큰일 나겠다.,0
너는 일할 때 뭐가 제일 힘들어?,0
이 회사에서 제일 배운 게 뭐야?,0
처음보다 실력 많이 늘었지?,0
우리 초반에 힘들었던 거 생각나?,0
"벌써 몇 년 차야, 시간 빠르다.",0
우리도 후배 들어오면 챙겨줘야겠다.,0
신입 들어온다는데 우리도 선배네?,0
후배들이랑 잘 지내고 싶다.,0
선배들이랑 친해지는 법 좀 알려줘.,0
팀장님께 어떻게 하면 잘 보일까?,0
너도 출근할 때 힘들지?,0
출근할 때 뭐 들어?,0
우리 오늘 퇴근하고 뭐 할까?,0
야근하면 힘든데 같이 버티자.,0
금요일까지 버티자!,0
이번 주말에 뭐 할지 정했어?,0
이번 발표 긴장된다.,0
너도 떨려?,0
보고서 다 썼어?,0
클라이언트 대응 어렵지 않아?,0
메일 작성할 때 조심해야겠더라.,0
우리 보고서 피드백 받았어?,0
팀장님 성향 좀 알겠어?,0
어떤 스타일이 좋아 보이던데.,0
업무 처리 속도 좀 늘어야겠다.,0
우리도 빨리 능력 키워야겠다.,0
회식 언제 잡을까?,0
이번에 어디서 모일까?,0
팀 회식 분위기 어때?,0
술 세? 안 세?,0
회식 때 너무 긴장돼.,0
이번 팀 미팅 준비 다 했어?,0
다음 주 발표 같이 준비하자.,0
서로 도와주면서 일하자.,0
나중에 우리도 팀 만들면 재밌겠다.,0
끝나고 치맥 갈래?,0
프로젝트 진행 상황 어떤가요,0
오늘 회의 자료 준비되었나요,0
클라이언트 피드백 받았나요,0
메일 보냈는데 확인하셨나요,0
보고서 초안 검토 부탁드립니다,0
이번 일정 조정 가능할까요,0
회의 일정 변경됐다고 연락 받으셨나요,0
팀장님께 보고는 드렸나요,0
이거 마감일이 언제였죠,0
업무 분배 다시 조정할 필요가 있을까요,0
이번 주 목표 달성 가능할까요,0
데이터 분석 결과 공유해 주실 수 있나요,0
자료 보완할 부분 있을까요,0
이거 예산 관련해서 상의가 필요할 것 같아요,0
계약 관련해서 진행 상황 어떻게 되나요,0
기한 연장 가능할지 확인해 보겠습니다,0
기획안 수정 요청이 들어왔어요,0
이 부분 추가 개발이 필요할 것 같아요,0
디자인 시안 검토 부탁드립니다,0
테스트 일정 확정됐나요,0
업무 인수인계 관련해서 연락드렸습니다,0
새로운 협력 업체랑 미팅 잡아야 할 것 같아요,0
고객 요청사항 반영 가능할까요,0
이번 안건에 대해 내부 논의가 필요합니다,0
문제 해결 방안 논의해 봐야 할 것 같아요,0
마케팅 전략 수정이 필요할까요,0
광고 성과 분석 결과 나왔나요,0
예산 검토 후 다시 연락드리겠습니다,0
부서 간 협업이 필요할 것 같습니다,0
문서 검토 완료되면 알려주세요,0
오늘 일정 공유해 주실 수 있나요,0
이번 주 스케줄 조정 가능할까요,0
담당자 분과 통화 연결 부탁드립니다,0
현재 진행 중인 프로젝트 개요 설명 부탁드려요,0
보고서 최종본 언제 받을 수 있을까요,0
수정 요청 반영했으니 확인 부탁드립니다,0
긴급 미팅 일정 조정 가능할까요,0
업데이트된 자료 메일로 보내드릴게요,0
기획안 추가 자료 준비해서 공유하겠습니다,0
이 부분에 대한 공식적인 입장이 있나요,0
계약서 검토 중 궁금한 점이 있습니다,0
고객 피드백 반영 완료했습니다,0
결제 프로세스 확인 부탁드립니다,0
프로젝트 진행 중 발생한 문제 해결 방법 논의가 필요합니다,0
이번 주 일정에 추가해야 할 사항 있나요,0
사내 공지 전달 관련해서 확인 부탁드립니다,0
거래처와 연락 닿았나요,0
프로모션 일정 변경될 가능성이 있습니다,0
제품 출고 일정 조율이 필요합니다,0
협력사 회의 일정 잡아야 할 것 같아요,0
오늘 뭐 했어,0
날씨 너무 덥다,0
주말에 뭐 할 거야,0
너무 피곤해서 그냥 쉬려고,0
어제 잠을 잘 못 잤어,0
운동 시작하려고 하는데 뭐 하면 좋을까,0
집에 가는 길이야,0
맛집 찾았는데 같이 가볼래,0
오늘 하루 어땠어,0
오랜만에 영화 보러 갈래,0
드라이브 갈까,0
이번 주말에 캠핑 가자,0
친구들 만나기로 했어,0
새로운 카페 오픈했더라,0
맛있는 거 먹으러 가고 싶다,0
여행 계획 좀 짜볼까,0
이번에는 해외여행 가볼까,0
차 막히는데 우회로 없을까,0
퇴근하고 같이 저녁 먹을래,0
너무 바빠서 연락 못 했어 미안,0
어제 본 드라마 진짜 재밌더라,0
넷플릭스에서 뭐 볼 거 없을까,0
책 추천 좀 해줘,0
이번에 사고 싶은 게 있는데 고민 중이야,0
핸드폰 바꿀까 하는데 추천해 줄 수 있어,0
옷 쇼핑 가고 싶은데 같이 갈래,0
운동화 새로 샀는데 완전 편해,0
이거 살까 말까 고민돼,0
재택근무 하는데 집중이 잘 안 돼,0
요즘 너무 바빠서 정신없어,0
우리 언제 한번 여행 가야지,0
집에서 요리해 먹었는데 꽤 괜찮았어,0
카페에서 공부하고 있는데 조용해서 좋아,0
이번 주말에 등산 갈래,0
고양이 카페 가보고 싶은데 같이 갈래,0
강아지 산책시킬 건데 같이 갈래,0
오늘 기분 좀 안 좋아,0
좋은 소식이 있어!,0
시험 준비하느라 힘들다,0
너 요즘 뭐 하고 지내,0
오늘 뭐 먹었어,0
출근길에 비 와서 힘들었어,0
새로운 운동 시작했어,0
건강 관리 좀 해야겠어,0
스트레스 너무 많이 받아,0
나 요즘 새로운 취미 찾았어,0
사진 찍는 거에 빠졌어,0
오늘 회사에서 좀 짜증 났어,0
요즘 너무 지루해,0
무슨 재미있는 일 없을까,0
프로젝트 마감 일정 조율 가능할까요,0
이건 어떤 방식으로 보고하면 될까요,0
클라이언트 요청 사항 변경됐어요,0
계약 관련 문의 사항 확인 부탁드립니다,0
이번 주 예산 보고 준비 중이에요,0
보고서 초안 피드백 부탁드립니다,0
일정 조정 필요하면 말씀 주세요,0
고객 문의 대응 방안 논의해야 해요,0
회의 참석 가능 여부 확인 부탁드립니다,0
기획안 보완해서 다시 보내드릴게요,0
마케팅 캠페인 성과 분석 자료 공유드릴게요,0
추가 자료 요청드려도 될까요,0
신규 프로젝트 참여 가능할까요,0
거래처와 협의한 내용 전달드릴게요,0
긴급하게 확인해야 할 사항이 있어요,0
고객사 요청대로 수정 가능할까요,0
팀 내부 논의 후 다시 연락드릴게요,0
회의록 정리해서 공유해 드릴게요,0
이거 관련해서 법무팀과 협의가 필요합니다,0
오늘 미팅에서 어떤 부분을 강조하면 좋을까요,0
클라이언트 회의 전 자료 확인 부탁드려요,0
이거 최종 승인 언제 가능할까요,0
프로젝트 예산 조정이 필요할 것 같습니다,0
계약서 수정된 부분 검토 가능할까요,0
내부 프로세스 조정이 필요한 것 같아요,0
제품 출고 일정 조정 가능할까요,0
업무 인수인계 문서 정리 중입니다,0
신규 파트너사 미팅 일정 잡아야 해요,0
오늘 일정에 추가된 회의가 있어요,0
거래처 계약 갱신 관련 논의가 필요합니다,0
주말에 뭐 했어,0
오늘 날씨 진짜 좋다,0
어디야? 나 지금 가고 있어,0
밥 먹었어?,0
요즘 잘 지내?,0
너네 집 근처 카페 생겼더라,0
여행 가고 싶은데 어디 갈까,0
드라이브 갈래?,0
나 운동 시작했어,0
쇼핑 갈래?,0
오랜만에 보자,0
오늘 기분 좀 별로야,0
너 요즘 바쁘구나,0
새로운 맛집 찾았어,0
머리 스타일 바꿔볼까 고민 중,0
이번 주말에 캠핑 어때?,0
영화 예매했어!,0
이번 달 목표 정했어?,0
건강관리 좀 해야겠어,0
운동화 살 건데 추천 좀 해줘,0
나 요즘 새로운 취미 찾았어,0
회사에서 있었던 일 좀 들어봐,0
친구들이랑 여행 계획 짜는 중,0
우리 이번 달 안에 한번 보자,0
모임 날짜 언제로 할까,0
드라마 뭐 볼 거 추천해줘,0
핸드폰 바꿀까 고민 중,0
나 오늘 중요한 발표 있어,0
오랜만에 같이 사진 찍자,0
밥 챙겨 먹었어?,0
집에 언제 와?,0
건강은 괜찮아?,0
요즘 바빠?,0
주말에 집에 올 거야?,0
용돈 보냈어 확인해봐,0
엄마 생신 선물 뭐가 좋을까,0
아빠랑 통화했어?,0
동생 잘 지내?,0
이번 명절에 뭐 할 거야?,0
가족 여행 언제 갈까,0
오늘 집안일 좀 도와줘,0
집 앞에서 뭐 사다 줄까,0
반찬 필요하면 말해,0
이번 주에 시간 되면 같이 장 보자,0
할머니께 전화 드렸어?,0
가족 모임 날짜 조율해야 해,0
집에 먹을 거 있어?,0
부모님 선물 뭐 사면 좋을까,0
다음 주말에 다 같이 밥 먹자,0
"야, 오늘 회사 어땠어?",0
회식 언제 할 거야?,0
이번 프로젝트 힘들지 않아?,0
야근 많이 해?,0
출근길 완전 막혔어,0
점심 뭐 먹을 거야?,0
퇴근하고 뭐 할 거야?,0
연차 언제 쓸 거야?,0
이직 고민해 본 적 있어?,0
회사 복지 괜찮아?,0
연봉 협상 준비했어?,0
이번 달 목표 뭐야?,0
스트레스 너무 받아,0
휴가 계획 세웠어?,0
우리 언제 모일까?,0
카페에서 공부 같이 할래?,0
"신입 들어왔다며, 분위기 어때?",0
팀장님 스타일 파악했어?,0
퇴근하고 헬스장 갈래?,0
우리도 슬슬 이직 준비해야 하나?,0
